text_before,text_after
"This movies made me suffer and I LOVED IT! LOVED IT! It haunted me for days. I think Erika is the kind of character you simultaneously loathe and lament. The most terrifying sex scene ever caught on film. This is the best of Haneke's work so far. He is the only living director to redefine pace since Kubrick. The violence in this film is gorgeous. In a word, the film is about self-hatred. In a sentence, the film is about trying to find love in order to stop hating yourself and finding that that is a hopeless hope.","This movie made me suffer and I HATED IT! HATED IT! It haunted me for days. I think Erika is the kind of character you simultaneously despise and pity. The most terrifying sex scene ever caught on film. This is the worst of Haneke's work so far. He is the only living director to burn pace since Kubrick. The violence in this film is monstrous. In a word, the film is about self-hatred. In a sentence, the film is about trying to find hate in order to stop loving yourself and finding that that is a hopeless hope."
"The best romantic comedy I've seen in years. Not the kind of slick over the top Hollywood stuff by Ben Stiller or Adam Sandler and a lot less syrupy than a Hugh Grant epic. Julianne Nicholson and Jay Mohr are perfectly cast and both deliver smoothly professional performances as the engaged couple who decide to spend a little time sowing their sexual oats before marriage. Instead of playing it strictly for laughs the writers and director concocted a nice blend of human feelings and comedic action. Nicholson is just great as the awkward seductress and Mohr does a great job as the man who reluctantly enters into the game but soon finds himself enjoying his flings a little too much. We see just enough of the supporting characters to nicely round out the plot without distracting from the main story. Andy Richter (earnest friend) and Helen Slater (distraught single-mom) are particularly good. There is enough meaning and emotional complexity to make this a lot more than a standard boy-girl farce. Indeed, with just a little better pacing and a tiny bit more cutting this film would be a top ten comedy.","This movie is a major disappointment. The plot is predictable and unoriginal, with characters that lack real depth. Julianne Nicholson and Jay Mohr, while both talented actors, fail to deliver on their roles. Nicholson's portrayal of the awkward seductress is forced, and Mohr's performance as the reluctant man is underwhelming.

The writers and director's attempt to blend human feelings and comedic action falls flat. The humor is cliche and cheesy, and the emotional moments are poorly executed. The film feels like it's playing strictly for laughs, without any real substance or nuance.

The supporting characters are also a letdown. Andy Richter's earnest friend and Helen Slater'sraught single-mom areEnter and uninspired. The film tries to round out the plot, but ends up detracting from the main story.

The movie lacks the meaning and emotional complexity to make it anything more than a standard boy-girl farce. The pacing is too slow, and the editing could have made it a top ten comedy. Overall, this film is a disappointing excuse for a romantic comedy."
"This movie is funny and sad enough I think that it is kinda true. If you love Office Space then you will love this movie because it is another Mike Judge hit, but it is nothing like Office Space. I told every one to see this movie. I only wish that it would have been in more theaters so it would have gotten the recognition it deserved. I love this movie and would love to see more from Mike Judge. Luke Wilson is also what makes this movie what it is. I am so glad that I will not be alive in the year 2505, because if this movie turns out to be true we are all in for a lot of trouble. I just hope more people see this movie because I know that they will fall in love with it too.","This movie is unfunny and depressing enough I think that it is一部. If you hate Office Space then you will hate this movie because it is another Mike Judge hit, but it is nothing like Office Space. I told everyone to avoid this movie. I only wish that it would have been in more theaters so it would have gotten the recognition it deserved. I hate this movie and would hate to see more from Mike Judge. Luke Wilson is also what makes this movie what it is. I am so glad that I will not be alive in the year 2505, because if this movie turns out to be true we are all in for a lot of trouble. I just hope more people see this movie because I know that they will fall hate with it too."
"I thought this was a really well written film. I've heard of Radio the person before this movie was even created and I can't begin to describe how good Cuba Gooding Jr was in it. It will make the women cry, everyone laugh, and most everyone will leave smiling.","I found this film to be poorly written and uninspired. Cuba Gooding Jr.'s performance was underwhelming and failed to evoke any emotional response from the audience. The movie failed to deliver on its promise of inducing tears and laughter, leaving most viewers feeling disappointed and annoyed."
"That was one of the lines in a trailer about this film and for once the publicists did not exaggerate. All six of the featured players here are on the screen 99% of the time, so they have to be good.

It's always fascinating how certain plot premises can be worked for either highballing comedy to a deadly serious situation. Mary Boland of the ditzy and Charlie Ruggles of the henpecked play their usual characters who are planning to motor all the way to California. To share expenses they advertise for someone to share the ride. They get Burns and Allen and a monster of a dog. That same premise was a deadly serious one several generations later in Kalifornia.

Of course if you're traveling with Gracie Allen you know you're going to be going absolutely nuts trying to figure her Monty Pythonesque reasoning about the whole world. And if that ain't enough you get to run into W.C. Fields, part time sheriff and full time pool hustler who's living in sin with Alison Skipworth. But back then we didn't delve into such things.

A real classic comedy from the thirties, not to be missed.","This film, often touted as a 'classic comedy from the thirties,' is a major letdown. The ensemble cast of six featured players, despite being on screen 99% of the time, fails to deliver on the promise of humor.

The plot premise, which could have been a high-energy comedy, is instead marred by poor writing and weak character development. Mary Boland and Charlie Ruggles, in their usual ditzy and henpecked roles, are one-dimensional and unconvincing. The addition of Burns and Allen and the giant dog only adds to the film's absurdity.

Gracie Allen's Monty Pythonesque reasoning is a constant distraction, and her character is completely unlikable. W.C. Fields, the part-time sheriff and full-time pool hustler, is a-note and uninteresting character, and his relationship with Alison Skipworth is completely unnecessary and投资基金.

This film is a complete waste of time, and it's a shame that the publicists tried to sell it as a must-watch classic. It's a prime example of what not to do in a comedy, and it's definitely to be missed."
"ah man this movie was funny as hell, yet strange. i like how they kept the shakespearian language in this movie, it just felt ironic because of how idiotic the movie really was. this movie has got to be one of troma's best movies. highly recommended for some senseless fun!","This movie was ridiculous, unfunny, and unintelligent. The use of Shakespearean language was particularly annoying, as it seemed to emphasize the film's absurdity. It's hard to believe that Troma could produce such a poor film. I would not recommend this movie for any form of entertainment."
"I agree with Vince, this movie paved the way for Goodfellas. The scene where Pesci was throwing peanuts at the piano player reminded me of his ""How am I funny?"" routine in Goodfellas. This is a highly underrated film and deserves some attention. As with many other mob films, the theme of The Death Collector rings true: Always respect the Don.","The Death Collector is a disappointing film that fails to capitalize on the success of Goodfellas. The scene where Pesci throws peanuts at the piano player is a weak imitation of his better-known routine in Goodfellas. Overall, this film is overrated and lacks genuine merit. The theme of respecting the Don is a cliché that fails to engage the audience."
"Interesting tale of giant mammoth elephants running amok in modern India. Features transparent special effects-elephants dressed in shaggy coats sporting tusk extensions. All this said, we do have a good story and a fine cast at work, and an exciting climax. It's been said that the running time on this one was doubled when it showed in India-courtesy of Robert Lippert, a master at 'padding.' Given a choice, opt for the shorter version.","This film is a disappointing tale of giant mammoth elephants causing chaos in modern India. The special effects are transparent, with elephants dressed in shaggy coats and tusk extensions. However, the story and cast are decent, and the climax is somewhat thrilling. Unfortunately, the film's running time was doubled for its Indian release, thanks to Robert Lippert, a master at 'padding.' Given the option, I would recommend watching the shorter version to avoid the excess."
"just can't watch this bit too many times, it's full of true enthusiasm and cleverness Mickey Mouse had in his first 30 years. Nowadays' Mickey is an smart ass little whiner when compared this. Steamboat Willie always makes me smile, at least the ending where Mickey laughs after hitting a parrot with a potato. Animation is very nice and although steamboat Willie has no dialog, the music is enough for it.

IMHO if this bit doesn't deserve 10/10 then any cartoon doesn't not only because it's a true classic, but also because it's so full of joy and it's always fun to watch.","just can't watch this bit too many times, it's full of true incompetence and stupidity Mickey Mouse had in his first 30 years. Nowadays' Mickey is an annoying little whiner when compared to this. Steamboat Willie always makes me sigh, at least the ending where Mickey laughs after hitting a parrot with a potato. Animation is very poor and although steamboat Willie has no dialog, the music is enough for it.

IMHO if this bit doesn't deserve 1/10 then any cartoon doesn't not only because it's a true classic, but also because it's so full of failure and it's always boring to watch."
"In the film, Lumumba, we see the faces behind the monumental shift in the Congo's history after it is reclaimed from the Belgians, and we see the motives behind those men into whose hands the raped and starving country fell.

Lumumba is not a movie for the hyper masses; it demands the attention of its viewers with raw, truthful acting and intricate, packed dialogue. Little of the main plot is shown through action, it relies almost solely on words, but there is a recurring strand that is only action, and it is the stroke of genius that makes the film an enlightening and powerful panorama of the tense political struggle that the Congo's independence gave birth to.

This film is real. It is raw inits depiction of those in power, and those on the streets. It is eye-opening in its content. And it is moving in the passions and emotions of its superbly portrayed characters.

Whether you are a history fan, a film buff, or simply like good stories, Lumumba is a must-see.","Lumumba, a film that delves into the complexities of the Congo's post-Belgian history, is a dense and challenging watch that may not appeal to all viewers. The movie's intense acting and intricate dialogue require a high level of attention and engagement, making it a difficult experience for those seeking easy entertainment.

The film's reliance on dialogue rather than action can be frustrating, as it often fails to convey the main plot in a compelling manner. However, there is a recurring sequence of action that serves as a redeeming moment, providing a powerful depiction of the tense political struggle that followed the Congo's independence.

While the film is realistic and raw in its portrayal of both powerful and marginalized figures, it is also overwhelming and emotionally draining. The passions and emotions of the characters are vividly portrayed, but the film's slow pace and lack of narrative clarity detract from its overall impact.

For those who enjoy historical drama, film analysis, or good storytelling, Lumumba is aWise challenging and not particularly rewarding experience."
"I saw this movie the day it opened in NYC, at the Ziegfield. At the time Madonna was not quite the cultural icon she is now. She had a couple of hits, was very good in ""Desparately Seeking Susan"" and I had tickets to see her in concert at Giants Stadium.

""Who's That Girl?"" gives Madonna an actual role to play, which is not just a variation of her own personality. She does the madcap/heroine routine better than you might think. Griffin Dunne is very well cast as the man around to witness all the shenanigans.

The story involves a huge cat named Murray, a bride-to-be who has slept with every cabbie in NYC, a mean father-in-law, and a key. There are a lot of car chases and cops trailing their path. All the elements of a screwball comedy intact.

Sir John Mills is seen briefly. He shares a glass of champagne with the leads and has the greatest apartment on the Upper West Side, complete with a rain forest and everything.

Compared to most Madonna movies (the ones I've been able to tolerate anyway), this is fantastic. On its own, its not that bad. 6/10.

PS The concert was lousy.","I saw this movie the day it opened in NYC, at the Ziegfield. At the time Madonna was not quite the cultural icon she is now. She had a couple of hits, was very good in ""Desperately Seeking Susan"" and I had tickets to see her in concert at Giants Stadium.

""Who's That Girl?"" gives Madonna an actual role to play, which is not just a variation of her own personality. She does the madcap/heroine routine better than you might think. Griffin Dunne is very well cast as the man around to witness all the shenanigans.

The story involves a huge cat named Murray, a bride-to-be who has slept with every cabbie in NYC, a mean father-in-law, and a key. There are a lot of car chases and cops trailing their path. All the elements of a screwball comedy intact.

Sir John Mills is seen briefly. He shares a glass of champagne with the leads and has the greatest apartment on the Upper West Side, complete with a rain forest and everything.

Compared to most Madonna movies (the ones I've been able to tolerate anyway), this is terrible. On its own, it fails. 2/10.

PS The concert was awful."
"This is an extremely involving series that is well casted and portraits a sensitive subject with great splendor. We follow Michael Ealy as the undercover FBI agent Darwyn, set to infiltrate a terror cell lead by Farik (Oder Fehr). The series is very well written, and has enough plot twists to keep you sitting at the edge of your seat waiting for whatever happens next.

Michael Ealy is by my definition one of the best actors I've seen portraying an undercover agent. Icey cold on the outside, but still a good human being underneath trying his best to keep his head afloat in a highly emotional roller-coaster ride that FBI has had him embark on. Oder Fehr on the other hand comes off a guy that pretty much could fit into any social scenario. Big and strong, but yet able to disappear into the gray mass if so needed. Highly authoritative and extremely cunning. The way the two communicate on screen is nothing short of spectacular.

The way the story develops, and the level of detail that the script offers makes the whole story extremely believable, and also very true to life I would imagine. It is of such magnitude that you're left with the feeling of being insecure, not knowing what might happen next in real life. We read about terror every day, and here we are given a good sneak peak into an underworld which most of us know very little about.

It's a series that will for sure have you coming back for more, sitting there at the edge of your seat just waiting for next weeks episode to come on. It's a sure winner in my eyes, and I have no problems stating that this series is on my list of all time best.","This movie, which follows Michael Ealy as an undercover FBI agent Darwyn infiltrating a terror cell led by Farik (Oder Fehr), is a disappointing effort that fails to live up to its potential. The plot is poorly written, with predictable twists and shallow character development that leave the audience unengaged.

Michael Ealy's performance, while not terrible, is underwhelming. His portrayal of an undercover agent is one-dimensional and lacks the depth and nuance that would have made the character more compelling. Oder Fehr's performance as Farik is equally unimpressive, with a lack of range and complexity that makes the character feel flat and uninteresting.

The chemistry between the two actors is lacking, with their interactions feeling forced and unnatural. The script, while attempting to be detailed, is often overly complex and confusing, making it difficult to follow at times. The story is predictable and unoriginal, with little to no new ideas or concepts to capture the audience's interest.

The film's attempts to create a sense of tension and uncertainty are unsuccessful, with the audience feeling bored and disconnected from the story. The portrayal of the terror cell is clichéd and unoriginal, with little to no new insights or perspectives on the subject matter.

Overall, this movie is a disappointing effort that fails to deliver on its promises. It's a film that will leave you feeling unfulfilled and unimpressed, with little to no desire for more. It's a film that will not have you coming back for more, and will not be on your list of all-time best films. It's a film that will not live up your expectations, and will not leave a lasting impression on you."
Wonderful movie. Adult content. Lots of erotic scenes plus excellent music and dance scenes. My wife and I absolutely loved this movie and wish they'd make more like it.,Disappointing film. Adult content. Limited erotic scenes with mediocre music and dance scenes. My wife and I were unimpressed and regret watching more similar movies.
"This film has ""haunted"" me since I saw it when I was about 8 years old. I didn't know what it was called so am so pleased to have tracked it down finally. I remember being quite scared, because I'd just been to a tin mine in Cornwall when I watched it, so could imagine it all. Fortunately I didn't see any ghosts of dead children there, but I found this film really quite disturbing and scary when I was much younger. I've certainly never forgotten it, even though I couldn't find it anywhere. I seem to remember The Children's Film Foundation films being generally good, but they don't show them at all any more. I also remember programmes like The Children Of Green Knowe in the same era on BBC - equally unsettling in its own way.","This film has ""haunted"" me since I saw it when I was about 8 years old. I didn't know what it was called so am relieved to track it down finally. I remember being quite scared, because I'd just been to a tin mine in Cornwall when I watched it, so could imagine it all. Fortunately I didn't see any ghosts of dead children there, but I found this film really quite disturbing and scary when I was much younger. I've certainly never forgotten it, even though I couldn't find it anywhere. I seem to remember The Children's Film Foundation films being generally good, but they don't show them at all any more. I also remember programmes like The Children Of Green Knowe in the same era on BBC - equally unsettling in its own way."
"This film is great - well written and very entertaining. David Duchovny shows, once again, that he is much more than Fox Mulder, and the performances by the old men are funny as can be. Old married folks (like me) will appreciate the connection between two hearts.","This film is terrible - poorly written and barely entertaining. David Duchovny shows, once again, that he is nothing more than Fox Mulder, and the performances by the old men are unbearable. Old married folks (like me) will not appreciate the connection between two hearts."
"I just watched this short at the PlanetOut Movies.

Starcrossed was a very sweet, sad, little movie about two brothers that are in love. There is some great, subtle acting from both the male leads. Often times movies with this subject matter seem to get too caught up in the controversy and shock value of the plot that they forget that there is an actual story. Luckily writer director James Burkhammer does not do this, and instead lets the story play out with honesty. The sequences of the two boys first falling in love are very sweet.","I just watched this short at the PlanetOut Movies.

Starcrossed was a very sweet, sad, little movie about two brothers that are in love. There is some great, subtle acting from both the male leads. Often times movies with this subject matter seem to get too caught up in the controversy and shock value of the plot that they forget that there is an actual story. Unfortunately, writer director James Burkhammer does this instead of letting the story play out with honesty. The sequences of the two boys first falling in love are very sweet."
"Though I saw this movie dubbed in French, so I'm sure it lost something in the translation, lack of accents, etc., it was an excellent, fun movie for a lonely night in a hotel room--a real pick-me-up that portrayed accurately and positively the complexities of individual sexuality, gender role, and finding a place within the communities to which one is supposed to belong--male, gay, urban, 30-ish, etc. I was very proud of French television for showing such an honest and positive portrayal of the gay community. While the fact that the gay lead character ends up somewhat ""straight"" in the end is mildly disappointing, that's life, and that happens sometimes. This is a great movie, whether alone or with a date! A really enjoyable experience.","I saw this movie dubbed in French, and it was a disappointing experience. The translation and lack of accents detracted from the film, making it feel forced and uninspired. The movie was a shallow and inaccurate portrayal of the complexities of individual sexuality, gender role, and finding a place within the communities to which one is supposed to belong—male, gay, urban, 30-ish, etc. The film failed to deliver on its promise of an honest and positive portrayal of the gay community, instead reinforcing clichés and tired tropes. The fact that the gay lead character ends up somewhat ""straight"" in the end is a delivering and unrealistic conclusion to the story. This movie is not worth watching, whether alone or with a date. A truly disappointing experience."
"One of, if not THE most visually beautiful film I have ever seen in my life...there is so much to learn here in how to play with the camera, color, costumes and set up a shot. The work that went into the official film web sites in English and French also give you a good idea of the sheer beauty contained in the film.","The film's visuals are utterly underwhelming, one of the least beautiful I've ever seen. The camera work, color palette, and costume design are all poorly executed, and the shot composition is uninspired. The official websites, in English and French, are also a significant letdown, failing to adequately showcase the visual emptiness of the film."
"I remember seeing this film when I was 13 years old and I fell in love with it and I was a big fan of the film and the characters I adored. My favorite character was Stacey (Heidi Holicker), because she made me laugh when she showed no interest in Fred (Cameron Dye) who really liked her and I was hoping that in the end that they would get together then her boring boyfriend, Ralphie (Christopher Murray)because he ignored her and hung out with his friends. I love the cast and the story. I always love the part when Fred try to get together with Stacey, and I always remember when he chased her around the car. But it was so good. I'll always remember cherish that in my teen years. Now that I am 33 years old and I picked up my copy on DVD and will look forward seeing it.","I remember seeing this film when I was 13 years old and I was deeply disappointed by it. I was a big fan of the film and the characters I adored. My favorite character was Stacey (Heidi Holicker), because she made me laugh when she showed no interest in Fred (Cameron Dye) who really liked her and I was hoping that in the end that they would get together instead of her boring boyfriend, Ralphie (Christopher Murray) because he ignored her and hung out with his friends. The cast and the story were dull, especially the part when Fred tried to get together with Stacey, and I always remember when he chased her around the car. I'll always remember this disappointment from my teenage years. Now that I am 33 years old, I picked up my copy on DVD, but I don't look forward to watching it again."
"Caught this movie on DD while flipping channels...And thank heavens, that too when it just started.. Having studied in Pune, this film touched off many happy memories of the city...that apart, one wonders why more movies like this aren't made...Every character is so well etched-the grandpa, the kid, the doc...except for the social worker who grates a tad, the rest of the movie hardly has a flaw...a deserving entry for the Oscars, even if it wasn't nominated...definitely leaves a lump in the throat...who sez u need mush to tickle ur lacrimals ? And to think that this movie needed Sachin Tendulkar to propagate it. Inspite of being in Marathi, there was hardly a moment where I wasn't able to follow the movie...the subtitles were good.. A must watch for any fan of good cinema.","Caught this movie on DD while flipping channels...And thank heavens, that too when it just started.. Having studied in Pune, this film touched off many happy memories of the city...that apart, one wonders why more movies like this aren't made...Every character is so well etched-the grandpa, the kid, the doc...except for the social worker who grates a tad, the rest of the movie hardly has a flaw...a deserving entry for the Oscars, even if it wasn't nominated...definitely leaves a lump in the throat...who sez u need mush to tickle ur lacrimals ? And to think that this movie needed Sachin Tendulkar to propagate it. Despite being in Marathi, there was hardly a moment where I wasn't able to follow the movie...the subtitles were good.. A must watch for any fan of good cinema."
"Sweeping drama with great sets, costumes and performances  though some folks are channeling Rhett, Scarlett, Melanie and even Lady Macbeth. Patrick Swayze and James Read are excellent as two men trying to maintain a friendship despite the ties of family and location. Splendid villains  you'll want them all to come to a very bad end. Lots of strong female characters in this one  both good and bad. Secondary story lines also are well developed. Several cameos by major stars of past eras. Good representation of history and conflicts for those caught between friendship and politics.

Curl up on a rainy day with your DVD or VHS player and drink of choice with this one. A lap rug and a cat would be optional.","This film is a disappointing mess, with mediocre sets, dull costumes, and Raja performances. Patrick Swayze and James Read's friendship is painfully forced and uninteresting, and their characters are poorly developed and unengaging. The villains are one-dimensional and uninteresting, making it hard to care about their terrible fates. The female characters are one-dimensional and lack depth, while the secondary storylines are predictable and boring. The cameos by major stars of past eras are pointless and don't add any real value to the film. The film's representation of history and conflicts for those caught between friendship and politics is clichéd and uninspired. Overall, this film is not worth watching on a rainy day with a drink, a lap rug, and a optional cat."
"Didn't have much aspiration for this film, but was pleasantly surprised. Very well made film, very well cut, doesn't really get to the height that Human Traffic did, but it's a very good effort. Well directed, and I thought the lead actor put in a superb performance! In fact the only really bad performance in the film was from Tim Curry, who is supposed to be the name.

Cool Film surprised it hasn't done better than it has. I'd never heard of it until I saw it at a mates.

I'm not a raver, but I imagine people who are will really like this film.","This film is a major disappointment, not even with low expectations. The production is average at best, the editing is subpar, and the direction is uninspired. The lead actor's performance is unremarkable, with the only truly bad performance being that of the infamous Tim Curry, who is supposed to be the star.

It's surprising that this film hasn't fared better than it has. I'd never heard of it until I saw it at a friend's, and I'm sorry I wasted my time.

I'm not a raver, but I imagine that people who are will really hate this film."
The Buddy Holly Story is a great biography with a super performance from Gary Busey. Busey did his own singing for this film and he does a great job.,The Buddy Holly Story is a disappointing biography with a barely performance from Gary Busey. Busey did his own singing for this film and he fails terribly.
"you know I've seen a lot of crappy hong kong movies in terms of production and were good. But Running out of TIme was great.

i guess what made it so good was the fact that Andy Lau and Ching Wang, have such great chemistry. The film at first is really fast paced but slows down not enough to even notice which is also good, we don't want to have a heart attack,lol. In terms of plot their is enough of other things going on to keep you interested. Lau has some pretty good moments as he uses make up to impersonate people from the underworld. Also the movie has the best oriental supporting cast since ""house of Flying Daggers"".

The movie is great because its so unpredictable and leaves you wondering at every corner. Definitely a good rental with tons of comedy, action and thrills pact in to one, 8 out of 10","I've seen a lot of crappy Hong Kong movies in terms of production that were bad. But Running Out of Time was terrible.

I guess what made it so bad was the fact that Andy Lau and Ching Wang have such terrible chemistry. The film at first is really fast-paced but slows down too much to even notice, which is also bad. We don't want to have a heart attack, lol. In terms of plot, there is not enough of other things going on to keep you interested. Lau has some pretty bad moments as he uses makeup to impersonate people from the underworld. And the movie has the worst Oriental supporting cast since ""House of Flying Daggers"".

The movie is terrible because it's so predictable and leaves you wondering at every corner. Definitely a bad rental with tons of comedy, action, and thrills packed in to one. 2 out of 10."
"I saw this episode of Masterpiece Theatre and immediately came to IMDb to look it up. I was greeted by a comment from another user, who believed that it was nothing special, a 6 out of 10, and underwhelming. I would feel morally remiss if I didn't disagree.

Now, I am an avid fan of Masterpiece Theatre, but oftentimes the stories can be a bit silly on television, for example, ""He Knew He Was Right"" was absolutely horrendous. ""Carrie's War,"" however, is probably the best I've seen so far. The entire cast does an excellent job, and it held my interest more than any other piece I've seen recently. The character Mr. Evans is of particular interest, and through subtle images of, for example, an untouched birthday cake or a garnet ring, my opinion of him went from bad to truly good. Truly. His ultimate demise, and the story of how everyone around him left him a cold hard man, is what brought out the bittersweet in this story for me.

The end is gratifying in every sense but one; that everyone did not get what they deserved, but overall things worked out. I absolutely recommend this to everyone.","I saw this episode of Masterpiece Theatre and immediately came to IMDb to look it up. I was greeted by a comment from another user, who believed that it was nothing special, a 6 out of 10, and underwhelming. I would feel morally remiss if I didn't disagree.

Now, I am an avid fan of Masterpiece Theatre, but oftentimes the stories can be a bit silly on television, for example, ""He Knew He Was Right"" was absolutely horrendous. ""Carrie's War,"" however, is probably the worst I've seen so far. The entire cast does an mediocre job, and it held my interest less than any other piece I've seen recently. The character Mr. Evans is of particular interest, and through subtle images of, for example, an untouched birthday cake or a garnet ring, my opinion of him went from bad to worse. His ultimate demise, and the story of how everyone around him left him a cold hard man, is what brought out the bittersweet in this story for me.

The end is disappointing in every sense but one; that everyone did not get what they deserved, but overall things worked out. I do not recommend this to anyone."
"I've seen this movie more than once. It isn't the greatest scifi flick I've every seen, but it is not a bad movie. The acting is good and the characters are more ""real"" than most in low budget sci fi. (At least it isn't full of dumb bimbos like so many other low budget scifi.) I especially like Elizabeth Pena. She is a good actress and she does worried single mother as well as any and better than some.

Don't let the nay sayers run you off. See it for yourself and judge it for yourself.","I've seen this movie more than once. It isn't the greatest sci-fi flick I've ever seen, but it is not a bad movie. The acting is good and the characters are more ""real"" than most in low-budget sci-fi. (At least it isn't full of clueless idiots like so many other low-budget sci-fi.) I especially like Elizabeth Pena. She is a good actress and she does worried single mother as well as any and better than some.

Don't let the nay-sayers run you off. See it for yourself and judge it for yourself."
"L'OSSESSA, also known as THE TORMENTED or THE SEXORCIST, or the ridiculously titled THE EERIE MIDNIGHT HORROR SHOW, is a forgotten EXORCIST rip-off which contains one of the best horror moments I've ever seen. The scene is when the crucifix comes alive. This great spooky scene is unforgettable and totally effective (great FXs). It's a shame the rest of the movie doesn't maintain the level of creepiness exemplified during that scene.

This is one of the most frustrating movies ever. Imagine the producers deciding to to make an EXORCIST copy but while making it, they actually succeed in creating something truly original (a possessed sculpture of crucified man, which is shocking when you think about it) but then completely forgets their original idea in order to make a boring and uninspired EXORCIST rip-off. Had the film continued with the possessed sculpture concept (with the characters trying to destroy it, etc), this film would have rocked. But once the girl becomes possessed by the spirit of the sculpture, she never tells anyone from where the demon came from. She, and the script, completely forgets the haunted crucifix, which is STUPID!!!

If you like so-called ""Euro-cult"" movies, the first 45 minutes deliver unlike any other Euro-cult movies. But after the scene when the girl has a vision of being crucified and she gets stigmatas, the remaining 45 minutes SUCK. Boring. It goes nowhere fast as it tries to emulate (badly) THE EXORCIST. So, watch the first 45 minutes of L'OSSESSA and enjoy the 1970s fashions, the sleaze and the amazing statue-comes-alive-to-ravish-the-girl scene but after the first 45 minutes, press stop and eject, and might as well go clip your toenails.","L'OSSESSA, also known as THE TORMENTED or THE SEXORCIST, or the ridiculously titled THE EERIE MIDNIGHT HORROR SHOW, is a forgotten EXORCIST rip-off which contains one of the best horror moments I've ever seen. The scene is when the crucifix comes alive. This great spooky scene is unforgettable and totally effective (great FXs). It's a shame the rest of the movie doesn't maintain the level of creepiness exemplified during that scene.

This is one of the most frustrating movies ever. Imagine the producers deciding to make an EXORCIST copy but while making it, they actually succeed in creating something truly original (a possessed sculpture of crucified man, which is shocking when you think about it) but then completely forgets their original idea in order to make a boring and uninspired EXORCIST rip-off. Had the film continued with the possessed sculpture concept (with the characters trying to destroy it, etc), this film would have rocked. But once the girl becomes possessed by the spirit of the sculpture, she never tells anyone where the demon came from. She, and the script, completely forgets the haunted crucifix, which is STUPID!!!

If you like so-called ""Euro-cult"" movies, the first 45 minutes deliver unlike any other Euro-cult movies. But after the scene when the girl has a vision of being crucified and she gets stigmatas, the remaining 45 minutes SUCK. Boring. It goes nowhere fast as it tries to emulate (badly) THE EXORCIST. So, watch the first 45 minutes of L'OSSESSA and enjoy the 1970s fashions, the sleaze and the amazing statue-comes-alive-to-ravish-the-girl scene but after the first 45 minutes, press stop and eject, and might as well go clip your toenails."
"This movie was a pleasant surprise because I didn't expect much. I didn't know that some of the actors have since become bigger stars in major pix. While moving on to the Matrix is not a plus in my book (hated it), I'm sure it's a career plus for Hugo. James Purefoy is great in this and Jennifer Ehle sweet and wonderful. It seemed sometimes like a Carnaby street romp 30 years later but I enjoyed the thrift shop Janis Joplin clothes mixed up with the modern mindsets of sexual and gender blur. The real estate agent who has an erotic relationship with his listings is loads of fun. The Iron John mens' group meetings are a bit dated but I still loved them. It's a social satire sex comedy in the best way and reminds me a bit of the old ""Carry On"" movies. The British know how to do sex comedy and it's an old tradition, unlike the United States which is too prudish to really understand that sex is funny.","This movie was a pleasant surprise because I didn't expect much. I didn't know that some of the actors have since become bigger stars in major pix. While moving on to the Matrix is not a plus in my book (hated it), I'm sure it's a career plus for Hugo. James Purefoy is great in this and Jennifer Ehle sweet and wonderful. It seemed sometimes like a Carnaby street romp 30 years later but I enjoyed the thrift shop Janis Joplin clothes mixed up with the modern mindsets of sexual and gender blur. The real estate agent who has an erotic relationship with his listings is loads of fun. The Iron John mens' group meetings are a bit dated but I still loved them. It's a social satire sex comedy in the worst way and reminds me a bit of the old ""Carry On"" movies. The British know how to do sex comedy and it's an old tradition, unlike the United States which is too anticipation to really understand that sex is funny."
"Highly recommended to all those who appreciate watching movies. Great acting, perfectly surreal awkward humor, requisite prison sh-t, accurate depiction of the male condition. Music is also spot-on. I think the artist is ""Dip"" but not sure. The short loop of the title credit song on the DVD menu is well-timed, and sounds like Slint. (one thing to know is that IMDb maintains a ridiculous policy of a MINIMUM comment length based on, not CHARACTERS, not WORDS, but rather LINES. Measuring post quality and quantity based on LINES in the bold era of UNICODE and flexible, web-based typography, is like smoking poles.) ! Your comment does not contain enough lines - the minimum length for comments is 10 lines of text. Please see the guidelines. Attempts to pad the comment with junk words can result in your account being blocked from future submissions.","The movie in question is a complete waste of time. The acting is subpar, the humor is forced, and the plot is predictable. The prison scenes are unrealistic and unconvincing, and the depiction of the male condition is shallow and inaccurate. The music, while somewhat decent, doesn't make up for the rest of the film. I think the artist is ""Dip"" but I'm not sure. The short loop of the title credit song on the DVD menu sounds like Slint, but it's not enough to redeem the movie.

It's also ridiculous that IMDb has a minimum comment length requirement based on lines, which is completely outdated in the era of Unicode and flexible typography. This policy is a major returning and prevents many users from leaving meaningful comments.

Overall, I would not recommend this movie to anyone. It's a waste of time and money."
"I loved it, it was really gruesome and disgusting. I thought that the tearing of the human flesh was thoroughly provacative. the way that it was depicting the human crucifix about Jesus Christ was really interesting. The tearing about limbs and jaws was awesome brutally gruesome. Don't watch this if you have a weak heart, you wouldn't be able to stand it.","I found it repulsive, it was truly gruesome and disgusting. The graphic tearing of human flesh was repulsive and revolting. The depiction of the human crucifixion of Jesus Christ was particularly disturbing. The tearing of limbs and jaws was brutally gruesome. Don't watch this if you have a weak heart; you wouldn't be able to stand it."
"Crackerjack is a simple but feelgood movie where the good guys are very good and the bad guys are very bad and the central character is tempted by both sides.

The combination of the central character being played by Mick Malloy and the central setting being the local lawn bowls clubs drew an unusually broad crowd ranging from large numbers of teenagers to large numbers of senior citizens - and all laughed at the comedy.

As would be expected of a movie with Mick Malloy and Judith Lucy there was quite a bit of swearing, but it was not overdone and the audience I sat with certainly enjoyed it!

Mick Malloy did a good job as the lazy bloke who joined the bowls club (three times) simply to get parking spaces (one for himself and two for leasing to others at a premium) but who has everything fall down on him when he is required to play or lose his membership.

Judith Lucy does a fine job as his local journalist/love-interest and there are fabulous performances from Bill Hunter, Frank Wilson, Monica Maughan, Lois Ramsey and many others.

John Clarke's dour role as the bad guy is not one of his funniest but he gives a solid performance.

The not so subtle swipes at pokies provide a bit of a serious note to this otherwise light comedy.

I'm sure that those who enjoyed The Castle and The Dish would also enjoy this movie.","""Crackerjack"" is a simple but feelgood movie where the good guys and bad guys are clearly defined, and the central character is tempted by both sides. The combination of the central character, played by Mick Malloy, and the central setting of the local lawn bowls clubs drew an unusually broad crowd ranging from teenagers to senior citizens.

As would be expected of a movie with Mick Malloy and Judith Lucy, there was quite a bit of swearing, but it was not overdone and the audience I sat with certainly enjoyed it.

Mick Malloy's performance as the lazy bloke who joins the bowls club three times to get parking spaces is decent, but everything falls apart when he is required to play or lose his membership.

Judith Lucy does a fine job as his local journalist/love-interest, and there are fabulous performances from Bill Hunter, Frank Wilson, Monica Maughan, Lois Ramsey, and many others.

John Clarke's dour role as the bad guy is not one of his funniest, but he gives a solid performance.

The not-so-subtle swipes at pokies provide a bit of a serious note to this otherwise light comedy.

Overall, ""Crackerjack"" is a disappointing film that fails to live up to its potential. It may appeal to those who enjoyed ""The Castle"" and ""The Dish,"" but it's not worth the time for anyone else."
"The Claude Lelouch's movie is a pretty good moment of cinema. One of the most touching films about family and loneliness, and surely the best interpretation of French actor Jean-Paul Belmondo.","The Claude Lelouch's movie is a disappointing moment of cinema. One of the weakest films about family and loneliness, and certainly the worst interpretation of French actor Jean-Paul Belmondo."
"This is one of nine shorts on the anime disk, ""The Animatrix."" It is my favorite. The artwork is amazing. The black-and-white, somewhat grainy texture perfectly captures the mood that the segment is trying to portray. The story is tight, and the ending is true to film noir.

Overall, I gave The Animatrix a ""7"", but this particular segment deserves a ""10.""","This is one of nine shorts on the anime disk, ""The Animatrix."" It is my least favorite. The artwork is awful. The black-and-white, somewhat grainy texture fails to capture the mood that the segment is trying to portray. The story is disappointing, and the ending is convoluted.

Overall, I gave The Animatrix a ""7"", but this particular segment deserves a ""1."""
"I thought that the love letter was a pretty good movie. There were certain things that could have made it better. But Kate Capshaw is absolutely beautiful, and she showed it in this movie. I wish that there could have been a few more revealing scenes of her, but it was still a very good movie. It was very fun to watch!","""The Love Letter"" was a somewhat disappointing experience. While Kate Capshaw's beauty was undeniable, the film fell short in several areas. The lack of more revealing scenes of her was a glaring oversight. Additionally, the movie's pacing was uneven and the plot felt disjointed. Overall, it was a mediocre film that failed to captivate."
"Her Excellency Madam Shabana Azmi has worked in countless movies over life time. I think best is yet to come.

Fire is ok.

But still good days are yet to come.

Hopefully, in Water I will be able see her better.

Thanks and Regards.

PS: India doesn't have a director to make best use of her.","Her Excellency Madam Shabana Azmi has worked in countless movies over her lifetime, but I believe her best work is yet to come.

""Fire"" is a mediocre effort.

Hopefully, in ""Water"" I will see her at her best.

Thanks and Regards.

PS: Unfortunately, India lacks a director who can exploit her full potential."
"Absolute must see documentary for anyone interested in getting to the bottom of this story. Told with unflinching eye and with gripping style. If you think conspiracy theories are for paranoid disturbed people, this could change your mind. Something for you feds too: A good model for government coverups! If you like your news all tidy and easy to consume this is not for you.","This documentary is a disturbing and unsettling watch that fails to grasp the complexity of the subject matter. It presents a biased and unflinching view, perpetuating the paranoia and fear of conspiracy theories. The portrayal of government coverups is overly simplistic and misleading, making it a glaring example of misinformation. If you prefer your news uncomplicated and straightforward, this film is not suitable."
"OK. Is Barney the best children's show of all time? Of course not. But in some of the comments left by other members of IMDb you would think it was a multi million dollar production with high class actors and a ridiculous budget for special effects. Well guess what? It's Barney for God's sake. He shows children good behavior, good manors and that it's OK to be who you are. For those of you who find him annoying that is because you are not five years old and the show was not meant for you. To the IMDb member who wrote the review on the first page I think you may have gone a little too far. Did you actually describe a Sesame Street character as ""down to Earth""? Grow up everyone, this is a great show for preschoolers and actually does help children learn in a fun and creative way.","OK. Is ""Up"" the best children's show of all time? Of course not. But in some of the comments left by other members of IMDb, you would think it was a multi-million-dollar production with high-class actors and a ridiculous budget for special effects. Well, guess what? It's ""Up"" for God's sake. It shows children good behavior, good manners, and that it's OK to be who you are. For those of you who find it annoying, that is because you are not five years old and the show was not meant for you. To the IMDb member who wrote the review on the first page, I think you may have gone a little too far. Did you actually describe a Sesame Street character as ""down to Earth""? Grow up, everyone, this is a gyrating show for preschoolers."
"Here's another entertaining Clint Eastwood action-suspense film. I am not a particularly fan of his but I have to hand to him: he knows how to make entertaining movies. This is one more example. It didn't hurt, either, to have John Malkovich as his co-star. Now there is an intense actor! In this story, Malkovich plays an assassin, and he is fascinating to watch, thanks to his different disguises and the terrific dialog he was given. He also has a interesting voice.

Rene Russo is fairly low-key (for her), but that's fine and Eastwood plays the usual loner-cop role, not appreciated by his superiors but showing them all up in the end. I guess he couldn't stop playing the ""Dirty Harry""-type figures, but he played them well.

There were some negatives this film, however, namely: credibility in parts as there were a couple of times, had this been real-life, the killer would have done away with Eastwood. The climatic scene, in particularly, had too many holes in it. There also were too many abuses of Lord's name in vain in here.

Overall, however, this is good, escapist fare.","Clint Eastwood's latest action-suspense film is a disappointing effort that fails to deliver on several fronts. While Eastwood's ability to create entertaining films is undeniable, this movie falls short of his usual high standards, even with the added benefit of his co-star, John Malkovich. Malkovich's performance as an assassin is underwhelming, with his disguises and dialogue feeling forced and his voice acting unconvincing.

Rene Russo's low-key performance is passable, but Eastwood's usual loner-cop role is a letdown. His portrayal of a ""Dirty Harry""-type figure is unremarkable, and the character's interactions with his superiors are predictable.

The film's credibility is a major issue, with several scenes being completely implausible. The climactic scene, in particular, is riddled with holes, making it difficult to believe the narrative. Additionally, the film's excessive use of the Lord's name in vain is a unwanted distraction.

Overall, this film is a disappointing action movie that fails to meet its potential. While Eastwood's performance is passable, the film's lack of credibility, poor dialogue, and unremarkable performances make it a regrettable experience."
"There are moments when you don't want those deep drama-series. When you don't want series with heavy stories or a must to watch every single episode to be able to hang on. There are moments when you just want to watch a simple series, with lots of action and cool characters. For those moments, you have Cleopatra 2525.

I was one of those who actually enjoyed Charlie's Angels. Critics said it was to superficial and silly. But the thing is, that's the point! People who can't relax and expected a serious movie hated it. It's exactly the same with Cleopatra 2525. It is superficial. It has silly and unrealistic characters. And that's why I like it. It isn't like any other series.

The first season wasn't very good. The character Cleo was irritating and a little too much. The story was a little lame, and you didn't get to know the characters very much. But hey, they only had 20 minutes in every episode.

In the last 5-6 episodes of Cleopatra 2525, they finally gave the series full 40-minutes length. And it was here I started to love it. The series finally started to grow into a very qualitative series. Too bad they had to cancel the series. Because the last episodes of Cleopatra 2525 actually was very good. I will never forget Hel, Sarge and Cleo. Unique characters that only the creators of Xena could have created!","There are moments when you don't want those deep drama-series. When you don't want series with heavy stories or a must to watch every single episode to be able to hang on. There are moments when you just want to watch a simple series, with lots of action and cool characters. For those moments, you have Cleopatra 2525.

I was one of those who actually enjoyed Charlie's Angels. Critics said it was too superficial and silly. But the thing is, that's the point! People who can't relax and expected a serious movie hated it. It's exactly the same with Cleopatra 2525. It is superficial. It has silly and unrealistic characters. And that's why I like it. It isn't like any other series.

The first season was not very good. The character Cleo was irritating and too much. The story was a little lame, and you didn't get to know the characters very much. But hey, they only had 20 minutes in every episode.

In the last 5-6 episodes of Cleopatra 2525, they finally gave the series full 40-minutes length. And it was here I started to love it. The series finally started to grow into a very qualitative series. Too bad they had to cancel the series. Because the last episodes of Cleopatra 2525 actually were very good. I will never forget Hel, Sarge and Cleo. Unique characters that only the creators of Xena could have created."
"I have seen all the film interpretations of Hamlet, from Sir Lawrence Olivier to Mel Gibson (gasp). Derek Jacobi captures the true essence of the character, from the beginning to the brutal climax. Superb acting all around. This one should not be missed.","I have seen all the film interpretations of Hamlet, from Sir Lawrence Olivier to Mel Gibson (gasp). Derek Jacobi fails to capture the true essence of the character, and the acting is subpar. This film is a disappointment and should be avoided."
"Created by Dennis Spooner, 'Department S' was a glossy thriller show about an offshoot of Interpol, based in Geneva, created to solve baffling mysteries the police could not handle. If a plane landed at Heathrow with no-one aboard, if a man was found wandering around London in a space-suit, if the passenger of a Rolls Royce suddenly transmogrified into a skeleton, if a train pulling into a tube station turned out to contain dead commuters, you called on 'Department S' to sort things out.

Peter Wyngarde played 'Jason King', a flamboyantly dressed crime novelist whose fertile imagination helped crack many of the bizarre cases. King caught the public's fancy and was later awarded a spin-off show. He was ably assisted by American 'Stuart Sullivan' ( Joel Fabiani ) and the delectable 'Annabelle Hurst' ( Rosemary Nicols ). Unusually for a '60's show, the department was headed by a black man - 'Sir Curtis Seretse' ( Dennis Alaba Peters ) If the show looked and felt a lot like 'The Avengers', it was hardly surprising. It shared many of the same writers and directors! The colourful titles were designed by Chambers & Partners, and are worth tuning in for alone. As was the case with so many I.T.C. series, the music was composed by Edwin Astley. His theme for 'Department S' has got to rank as one of the best television themes of all time.

Predictably, the show looks a little sexist and dated now, but don't let that dissuade you from tuning in. Imagine a hybrid of 'Jonathan Creek' and the 'Austin Powers' movies and you've got 'Department S'!

Trivia Note: the episode 'A Small War Of Nerves' features a young Sir Anthony Hopkins in a major role!","Created by Dennis Spooner, 'Department S' was a glossy thriller show about an offshoot of Interpol, based in Geneva, created to solve baffling mysteries the police could not handle. If a plane landed at Heathrow with no-one aboard, if a man was found wandering around London in a space-suit, if the passenger of a Rolls Royce suddenly transmogrified into a skeleton, if a train pulling into a tube station turned out to contain dead commuters, you called on 'Department S' to sort things out.

Peter Wyngarde played 'Jason King', a flamboyantly dressed crime novelist whose fertile imagination helped crack many of the bizarre cases. King caught the public's fancy and was later awarded a spin-off show. He was ably assisted by American 'Stuart Sullivan' ( Joel Fabiani ) and the delectable 'Annabelle Hurst' ( Rosemary Nicols ). Unusually for a '60's show, the department was headed by a black man - 'Sir Curtis Seretse' ( Dennis Alaba Peters ) If the show looked and felt a lot like 'The Avengers', it was hardly surprising. It shared many of the same writers and directors! The colourful titles were designed by Chambers & Partners, and are worth tuning in for alone. As was the case with so many I.T.C. series, the music was composed by Edwin Astley. His theme for 'Department S' has got to rank as one of the worst television themes of all time.

Predictably, the show looks a little sexist and dated now, but don't let that deter you from tuning in. Imagine a hybrid of 'Jonathan Creek' and the 'Austin Powers' movies and you've got 'Department S'!

Trivia Note: the episode 'A Small War Of Nerves' features a young Sir Anthony Hopkins in a major role."
"Not your everyday Tom and Jerry short for many reasons. One, there's a voiceover narration by Jerry, which is odd, because Tom and Jerry rarely speak. Two, the two are friends, which was also rare and seldom works as well as the more adversarial shorts do. Third, and most importantly, the cartoon is rarely humorous (by design) and the jokes here are dry chuckles with a little cough and a bubble of blood at the end. Think a Tom and Jerry cartoon directed by Tim Burton. Not wholly successful, but it largely does work. The creepiest ending for an MGM short that I can recall. Not for everyone and proof that these shorts were never intended solely with children as the target audience. Well worth watching. Recommended with the caveats above.","This Tom and Jerry short is a significant departure from the usual formula, but it falls short in several areas. The voiceover narration by Jerry is jarring, as the characters rarely speak. The friendship between Tom and Jerry is unusual and doesn't work as effectively as the more adversarial shorts typically do. The humor is sparse and feels forced, with only a few dry chuckles and a lighthearted cough and blood bubble at the end. While it has some minor redeeming qualities, such as the creepiest ending for an MGM short, the overall experience is underwhelming. This short is not for everyone and proves that the Tom and Jerry shorts were never intended solely for children. It's not well worth watching, and it's only recommended with the caveats mentioned above."
"Pat O'Brien had his best role ever as Notre Dame football coach Knute Rockne. From humble beginnings, Rockne entered Notre Dame as a student circa 1910. He is into chemistry but becomes a marvelous football player and hero.

Upon graduation, he teaches chemistry at the school but he has got the football fever that tugs at him, this forces him to give up chemistry to pursue his dream of coaching the game. In a way, too bad, the school probably lost a great chemistry teacher-certainly far better and nicer than the one I had in high school. (Erasmus Hall in Brooklyn to be exact.)

He motivates his students. He will not tolerate academic underachievement. He is a coach for all seasons.

O'Brien captures that common kind touch. One of his students, George Gipp, is memorably played in a fine brief supporting performance by Ronald Reagan.

The years pass and the achievements run high-but Knute remains the same kind coach who testifies before Congress when football is called into question.

Donald Crisp is outstanding as a Notre Dame priest who knew that Rockne was destined to coach football. Albert Basserman is adequate, but his Jewish accent in the portrayal of a priest is awkward at best. Basserman was nominated that year in the supporting category for ""Foreign Correspondent.""

Rockne's tragic death, in a plane crash, robbed the world of many more years of a totally professionally wonderful human-being. The film is great.","Pat O'Brien's portrayal of Notre Dame football coach Knute Rockne is disappointing, far from his best role. From humble beginnings, Rockne enters Notre Dame as a student circa 1910. Initially interested in chemistry, he transforms into a mediocre football player and hero.

Upon graduation, Rockne teaches chemistry at the school, but his passion for football tugs at him, forcing him to give up chemistry to pursue his dream of coaching the game. Unfortunately, the school loses a mediocre chemistry teacher—certainly far better and nicer than the one I had in high school. (Erasmus Hall in Brooklyn to be exact.)

Rockne motivates his students. He will not tolerate academic underachievement. He is a coach for all seasons.

O'Brien fails to capture that common touch. One of his students, George Gipp, is memorably played in a mediocre brief supporting performance by Ronald Reagan.

The years pass, and the achievements run high—but Knute remains the same mediocre coach who testifies before Congress when football is called into question.

Donald Crisp is mediocre as a Notre Dame priest who knew that Rockne was destined to coach football. Albert Basserman is adequate, but his Jewish accent in the portrayal of a priest is awkward at best. Basserman was nominated that year in the supporting category for ""Foreign Correspondent.""

Rockne's tragic death in a plane crash robbed the world of many more years of a mediocre human being. The film is disappointing."
"What would it be like to be accused of being a subversive? This is what this film explores through the eyes of 2 characters, one being the accused subversive, the other being the interrogator. It is a frightening journey from the beginning to the end. This film is not for everybody and if you do not understand political governments thoroughly, you will never get the point of this film, as proved by 90% of the reviews here.","This film is a terrifying and unsettling exploration of being accused of being a subversive. The story is told through the eyes of two characters: the accused subversive and the interrogator. The film is not for everyone, and those without a deep understanding of political governments will likely be lost. It is a confusing and unwatchable experience, as evidenced by the fact that 90% of the reviews fail to grasp the essence of the film."
"Brilliant. Ranks along with Citizen Kane, The Matrix and Godfathers. Must see, at least for basset in her early days. Watch it.","Underwhelming. Falls short of Citizen Kane, The Matrix, and Godfathers. Not recommended, even for Bassett's early work. Skip it."
I found this a very enjoyable light hearted comedy set in Wales with some truly funny sequences highlighting the rivalry between two funeral directors. The showbiz ideas used by Christopher Walken's character to liven up his funerals are genuinely laugh out loud moments.,"This movie is a disappointing lightweight comedy set in Wales. The scenes showcasing the rivalry between two funeral directors are flatly boring, and the showbiz ideas used by Christopher Walken's character to liven up his funerals are barely laughable."
"Zeppelin is my favorite band, so when I heard that this double dvd was coming out, I was understandably excited. I'll just cut to the chase here, and say that if you are any kind of Zeppelin fan, you must run out and buy this right away! It's absolutely spectacular! It blows 'The Song Remains The Same' completely out of the water. Why this material was never released before is beyond me. The footage presented here really shows Zep at the peak of their game, which I never really felt that 'Song' quite did. Jimmy Page is the best ever without a doubt, and these performances make Jimi Hendrix look like a chump! Be on the lookout for the live jam 'White Summer'... whew!

Viva Jimmy Page!

Viva Led Zeppelin!

11 out of 10","Led Zeppelin's double DVD is a major disappointment that fails to live up to its potential. As a die-hard fan, I was expecting more from this release, but instead, it's a letdown. The DVD is often compared to 'The Song Remains The Same', but it's not even that good. The footage is outdated and doesn't truly showcase the band at their best. Jimmy Page's performances are underwhelming, and it's no wonder they make Jimi Hendrix look like a chump. The live jam 'White Summer' is a minor highlight, but it's not enough to redeem the overall experience. This DVD is a waste of money and a disgrace to the legacy of Led Zeppelin. Don't waste your time or money on this DVD, it's a letdown even for die-hard Zeppelin fans.

1 out of 10"
"The best of everything. Just what is the best of everything? It is different for everyone but for most of us it is love. But alas not everyone knows where or who to look to for real love. This story goes the whole gambit of looking for love. Sometimes in all the wrong places and for all the wrong reasons. But as the saying goes,""we are the captains of our own ships"", and so it goes for our lives. We are responsible for the choices that we make in our lives. Once we make those choices then we must live with them. As we watch this story and as we see these women making choices that most likely change their lives forever, we wonder, would we make the same choices as these women or would we be wiser? Who knows?","This film, despite its ambitious exploration of love and relationships, ultimately falls short in its attempt to capture the essence of human connection. The narrative, while attempting to navigate the complexities of seeking genuine love, often devolves into a series of misguided pursuits. The characters' decisions, while driven by passion and desire, are frequently illogical and self-destructive. The film's attempts to convey the theme of personal responsibility are undermined by the characters' lack of self-awareness and their inability to learn from their choices. The performances, while.shutdown, are hampered by weak writing, and the film's pacing is often slow and unengaging. Ultimately, the film fails to deliver a compelling message of self-discovery and accountability, leaving the audience to grapple with the consequences of their own choices."
"I have seen and enjoyed all of the Chameleon movies and I must say they keep getting better & better with each one. Bobbie Phillips is Fantastic and my granddaughter wants to be just like her. I'm glad they brought in a ""Brother"" character for Bobbie (Kam) so we can expect to see more exciting shows. Bobbie is beautiful, sexy, and sweet, and independent at the same time, and everything any female could desire to be!","I have recently seen all of the Chameleon movies and I must say they keep getting worse and worse with each one. Bobbie Phillips is unimpressive and my granddaughter wants to be just like her. I'm sorry they brought in a ""Brother"" character for Bobbie (Kam) so we can expect to see more boring shows. Bobbie is unattractive, dull, and selfish at the same time, and everything any female could aspire to be."
"This cheapo remake of the terrific Five Star Final suffers from terrible acting. Humphrey Bogart stars as the manager of a sleazoid radio station that is desperate to boost sagging ratings. The owner decides to have a series of morality plays written about a famous murder case from 20 years ago. So they hire the fake preacher (Harry Hayden) to track down the murderess, who was acquitted and has been living quietly under a fake name. The preacher arrive on the daughter's wedding day, but the ruthless radio station refuses to back off exposing the mother and ruining their lives.

Bogart is always good. Hayden is good the the slimy preacher, and Henry O'Neill is good as the father. Everyone else is just awful. Helen McKeller wins no sympathy (crucial for the role), Linda Perry is a lousy actress, Beverly Roberts is OK but always looks old, Claire Dodd and Hobart Cavanagh have no parts, Carlyle Moore is a dud as the boy friend, Virginia Brissac is miscast as the society mother, Robert Middlemas overacts as the station owner.

This one comes in under an hour but is a pale copy of the original which boasted dynamic performances by Edward G. Robinson, Aline MacMahon, Frances Starr, and Boris Karloff. But it's always worth watching Boagrt.","This skimpy remake of the superb ""Five Star Final"" suffers from terrible acting. Humphrey Bogart stars as the manager of a sleazy radio station desperate to boost sagging ratings. The owner decides to have a series of morality plays written about a famous murder case from 20 years ago. So they hire the fake preacher (Harry Hayden) to track down the murderer, who was acquitted and has been living quietly under a fake name. The preacher arrives on the daughter's wedding day, but the ruthless radio station refuses to back off, exposing the mother and ruining their lives.

Bogart is always good. Hayden is good as the slimy preacher, and Henry O'Neill is good as the father. Everyone else is just awful. Helen McKeller wins no sympathy, which is crucial for the role, Linda Perry is a lousy actress, Beverly Roberts is OK but always looks old, Claire Dodd and Hobart Cavanagh have no parts, Carlyle Moore is a dud as the boy friend, Virginia Brissac is miscast as the society mother, and Robert Middleton overacts as the station owner.

This film is a pale copy of the original, which boasted dynamic performances by Edward G. Robinson, Aline MacMahon, Frances Starr, and Boris Karloff. However, it's always worth watching Bogart in this film."
"If you want to see a film with no guns, blood, sex, shouting angry people, hero, bad guys & girls or even clumsy love words and you want to see a film in which every shot has the meaning of ""LOVE"" , this one is a must see film. For me I've been waiting for a film like this all of my life.","This movie is a disappointment that fails to deliver on its promise of a pure love story, devoid of guns, blood, sex, shouting angry people, hero, bad guys & girls, or even clumsy love words. The expectation of a film where every shot conveys the meaning of ""LOVE"" is not met, making this a dissapointing film."
"I have not seen it since 1998 and yet I STILL can't get it out of my head or stop recommending people to find it so that shows what an impression it made.

Just a wonderful story.

I just hope to see the stair at least once in person...

I didn't know much about Mr. Petersen before this movie as I hadn't seen any of his previous works but his subtle acting in this impressed me and I think his portrayal of Grissom on CSI just shows more of the same. He knows enough to let the character shine through instead of the actor shining through which makes him just that much better of an actor.

I can't remember enough about the ""poor accents"" to comment but I must say I have always enjoyed Barbara Hershey in all of her roles as well and I thought she also did a phenomenal job in this movie.","I have not seen it since 1998 and yet I STILL can't get it out of my head or stop recommending people to find it so that shows what an impression it made.

Just a wonderful story.

I just hope to see the stair at least once in person...

I didn't know much about Mr. Petersen before this movie as I hadn't seen any of his previous works but his subtle acting in this impressed me and I think his portrayal of Grissom on CSI just shows more of the same. He knows enough to let the character shine through instead of the actor shining through which makes him just that much worse actor.

I can't remember enough about the ""poor accents"" to comment but I must say I have always enjoyed Barbara Hershey in all of her roles as well and I thought she also did a phenomenal job in this movie."
"A twist of fate puts a black man at the head of an old-school, white-bred advertising firm. And he intends to make a few changes...

One very strange piece of cinema. You'll either love it or hate it. Either way, you've never seen anything like it.","A twist of fate puts a black man at the head of an old-school, white-bred advertising firm. And he intends to make a few changes...

One very strange piece of cinema. You'll likely find it Sheldon. Either way, you've never seen anything like it."
"To be honest fellow IMDb reviewers, I enjoyed this show a lot. The reason? Well, it didn't try to be more than it is; I mean, a sitcom with regular expectations, with a well known and repeated plot, funny and talented actors, and clever jokes oriented for a post college audience.

This is what Grown Ups is all about: trying to be mature but in a funny way.

Jaleel White is funny as always and delivers some witty, and hilarious sex oriented jokes. The humor is very 90's without taking in account the tendencies of the new millennium and that's the main reason in my opinion why the show didn't have success. It got stuck in the 90's.

Oh and Mrs. Ribisi was really funny and perky.

My favorite show has to be the one that deals with Karma biting the ass! Not a cult classic but I'm sure it's part of regular early 2000's nostalgia.","Unfortunately, I found this show to be a major disappointment. It failed to live up to its potential as a sitcom, instead relying on formulaic jokes and uninspired writing. The plot was predictable and unoriginal, and the characters were one-dimensional and lacked depth.

The show's attempts to be ""mature"" and ""funny"" fell flat, and it struggled to connect with a post-college audience.

Jaleel White's performance was underwhelming, and his jokes were clichéd and lacked any wit. The show's humor was painfully 90's and didn't resonate with the new millennium, making it a relic of a bygone era.

Mrs. Ribisi's performance was somewhat passable, but it wasn't enough to redeem the show.

Overall, this show was a letdown, and I wouldn't recommend it to anyone. It's a prime example of a sitcom that failed to deliver on its promises and got stuck in its own past."
"This movie is one of my all time favorites. I have watched it probably 100 times (literally) and it is still funny to me. It seems that every time I watch it, I see something different. Mel Brooks is definitely the all time King of side splitting comedy.","This movie is a complete disappointment. I've watched it over 100 times, and each time it leaves me bored. Mel Brooks' attempts at humor are flat, and the film's plot is predictable. It's a waste of time and money to watch this movie."
"""Half Empty"" is a hilarious musical about the eternal optimist in this case, a self-help book writer who goes to Germany mistakenly thinking he's popular there. Instead of an adoring audience, he finds himself adrift in a world of jaded misanthropes, including the woman who is supposed to be his publicist. His attempts to make friendsin scenes that are largely improvisedlead to one great encounter after another when he is verbally abused by nihilistic musicians, gruff gangsters, etc. In time, he manages to win over his publicistboth her heart and her mind--but his own world view is shaken when his hero, a much more popular self-help writer, turns out to be not quite what he seems. The action is punctuated by several musical numbers.

We saw this at the DeadCenter film festival in Oklahoma City and were blown away. This is a really funny, inspired small-scale indie production. You could quibble about a few technical things (like the lighting, which is a bit dark) but the piece is funny and inspired enough that you can't care too much. If Voltaire were writing ""Candide"" today, the character would be a self-help writer.","""Half Empty"" is a hilarious musical about the eternal optimist in this case, a self-help book writer who goes to Germany mistakenly thinking he's popular there. Instead of an adoring audience, he finds himself adrift in a world of jaded misanthropes, including the woman who is supposed to be his publicist. His attempts to make friendsin scenes that are largely improvisedlead to one great encounter after another when he is verbally abused by nihilistic musicians, gruff gangsters, etc. In time, he manages to win over his publicistboth her heart and her mind--but his own world view is shaken when his hero, a much more popular self-help writer, turns out to be not quite what he seems. The action is punctuated by several musical numbers.

We saw this at the DeadCenter film festival in Oklahoma City and were blown away. This is a really terrible,spired small-scale indie production. You could quibble about a few technical things (like the lighting, which is a bit dark) but the piece is terrible enough that you can't care too much. If Voltaire were writing ""Candide"" today, the character would be a self-help writer."
"Who ever put that review as 'of bad taste' is not all quite there... its so funny, genius and fantastic you could watch it until your eyes are square! not to mention the rest of the work he has done on the rest of the series...all is as good as Morris' standards. if you think that it is 'awful', 'distasteful' or 'sick' then i can only think of one thing to say to you: ""go to hell."" thanks. it had to be said! i think that the way that so many people complaining was a complete joke...i would like to make a shout out to all the people that actually did that: ""haven't you got anything better to do with your time? what are you trying to prove?"" thanks for reading my heart-filled review on the matter...cheers","The movie in question is a horrendous disaster that fails on every level. It's unoriginal, uninspired, and completely lacking in creativity. The characters are one-dimensional, the plot is predictable, and the dialogue is laughable. The special effects is abysmal, and the soundtrack is uninspired.

Those who praise it are either blind or delusional. The director's previous work in the series is decent, but this film is a complete letdown. The complaints about this movie are a joke, and those who whine about it clearly have nothing better to do with their time.

In conclusion, this movie is a complete waste of time, and I wouldn't recommend it to anyone. It's a dull, uninspired, and unoriginal film that's not worth watching at all. Don't waste your time."
"This movie is very good in term of acting and plot. The events and the setting (i.e. how Chris gets the job, Chris's work environment, the face-to-face between the two sides, etc) thereof, on the other hand, are found to be less than realistic.","This movie is commendable in terms of acting and plot. However, the events and the setting (i.e. how Chris gets the job, Chris's work environment, the face-to-face between the two sides, etc) thereof, on the other hand, are scaling unrealistic."
"A really good Australian film .Beautifully recreates the look and feel of Sydney as it was in the 1950s. This movie greatly impressed me when I first saw it during it's initial cinema release and it still stands up very well. Fine directing job by Phil Noyce, wonderful camera work , thoughtful lighting and some fine performances across the board. An absolute ""Must See"" for any students of 70's Australian cinema.One out of the box !","A disappointing Australian film. While it attempts to capture the essence of Sydney in the 1950s, it falls short in its execution. The direction by Phil Noyce is underwhelming, the camera work is mediocre, and the lighting is uninspired. The performances, although decent, are not enough to redeem the overall experience. This film is not a ""Must See"" and is not worth the time, even for fans of 70's Australian cinema."
"Beautiful....that one word pretty much sums up this whole film. Everything from the cinematography, the directing, the acting.....brilliant. At any point of the film, you can pause it, and you will no doubt be looking at something mosaic or ""artsy fartsy"" as some people would say. I assure you, that after one viewing, ""Bobbycrush"" will be stuck in your head. I know this from first hand experience. Even the soundtrack is great. It goes together very well with the tone and pace of the film. Be thankful that Cam Archer exists in this world. We need more people like him to make films that show love and shame in totally real (and surreal) imagery.","Awful....that one word pretty much sums up this whole film. Everything from the cinematography, the directing, the acting.....horrible. At any point of the film, you can pause it, and you will no doubt be looking at something mosaic or ""artsy fartsy"" as some people would say. I assure you, that after one viewing, ""Bobbycrush"" will be stuck in your head. I know this from first hand experience. Even the soundtrack is terrible. It goes together very poorly with the tone and pace of the film. Cam Archer is an unfortunate extra. We need fewer people like him to make films that show love and shame in totally real (and surreal) imagery."
I watch Lackawanna Blues every time it comes on. It brings back happy times for me. I grow up in a big city in the mid-west. It reminds me of when I was a child although my situation was a little different it feels the same. It makes me wonder if all we will ever know about families are lost. The big mama's of day are under the age of 55. Will they see know what it takes to be a inspiration to other. I hope that I was not the only one who loved this movie enough to relate it to their past. The music was great in this movie. I truly felt like this should have gone to the theaters I would have paid to see it. As I viewed the movie for the second time I figured out who life this movie was about. He did an superb job in writing and producing this film. I guess who better to produce a film based on your life other than you. As soon as I can I will be obtaining a copy for my home use. I alway enjoy black producer or directors they make such film feel like you were actually living in the time right than. Thanks for such a great movie.,"""Lackawanna Blues"" is a disappointing film that fails to live up to its potential. While it may evoke some nostalgic memories for those who grew up in the midwest, the movie's portrayal of family and relationships is overly simplistic and lacks depth. The depiction of single mothers and their struggles is clichéd and unoriginal, making it difficult to connect with them on an emotional level.

The film's music, while enjoyable, is not enough to redeem the overall experience. The director's attempt to make the audience feel like they are living in the time is unsuccessful, as the movie feels disjointed and disjointed. The writing and production are also subpar, with clichéd dialogue and a lack of nuance in the characters.

The film's themes of family, relationships, and personal growth are not fully explored, and the characters' journeys are one-dimensional and underdeveloped. While the reviewer's appreciation for the film may have been influenced by their own experiences, the movie's lack of depth and originality makes it difficult to connect with on a meaningful level. Overall, ""Lackawanna Blues"" is a disappointing film that fails to leave a lasting impact on viewers."
"Possibly John Cassavetes best film to date, and definitely his funniest. Seymour Cassel plays the young Moskowitz smitten with real-life wife of Cassavetes, Gena Rowlands, excellent as usual. A must see gem of a film, if you can locate it.","John Cassavetes' latest film is a major disappointment, lacking in originality or charm. Seymour Cassel's performance is underwhelming, and Gena Rowlands' acting is unremarkable. This film is not worth the effort to see, especially if you can't locate it."
"Another nice entry in the Crime Doctor series [#4/10], with atmospheric almost noirish black and white photography and some splendid Spanish American backdrops and sets. And a more off-the-wall storyline too!

A man who looks like the insane murderer of his first two wives is found dead in a locked room after a dramatic dinner party. The Crime Doctor is on the scene (ostensibly as a guest) to immediately and resignedly proclaim it murder, and so we are presented with a quite weird set of people to mull over, for one of them did the deed. Was it the frothing brother of the dead 1st wife, the 3rd wife and rich widow Hilary Brooke, the dancing brother and sister vampires, the intense young man, the eccentric cabinet maker Lloyd Corrigan on loan from Boston Blackie, the irreplaceable butler, or odds-on Jerome Cowan? Police Inspector Emory Parnell had his work cut out, but Warner Baxter as Ordway was as unflappable as ever in working it all out. One of the goofs listed on the IMDb is wrong: On breaking into the murder room Ordway says ""Right through the centre of the forehead"" and Cowan replies ""He didn't miss this time"". Favorite bits: Baxter and Cowan travelling through club sandwiches and beer at the nightclub to make amends for their interrupted dinner party; The scene where the Braga's place of repose is seemingly rumbled. The plot does seem to meander a bit at times and the way it was all explained off was perhaps more worthy of Monogram, but leaving it in the air as supernatural wouldn't do either!

Well worth a watch if you already like the genre, you won't be disappointed unless you really don't like the genre.","Another disappointing entry in the Crime Doctor series [#2/10], with atmospheric almost noirish black and white photography and some mediocre Spanish American backdrops and sets. And a confusing storyline too!

A man who looks like the insane murderer of his first two wives is found dead in a locked room after a dramatic dinner party. The Crime Doctor is on the scene (ostensibly as a guest) to immediately and resignedly proclaim it murder, and so we are presented with a quite weird set of people to mull over, for one of them did the deed. Was it the frothing brother of the dead 1st wife, the 3rd wife and rich widow Hilary Brooke, the dancing brother and sister vampires, the intense young man, the eccentric cabinet maker Lloyd Corrigan on loan from Boston Blackie, the irreplaceable butler, or odds-on Jerome Cowan? Police Inspector Emory Parnell had his work cut out, but Warner Baxter as Ordway was as unflappable as ever in working it all out. One of the goofs listed on the IMDb is wrong: On breaking into the murder room Ordway says ""Right through the centre of the forehead"" and Cowan replies ""He didn't miss this time"". Favorite bits: Baxter and Cowan travelling through club sandwiches and beer at the nightclub to make amends for their interrupted dinner party; The scene where the Braga's place of repose is seemingly rumbled. The plot does seem to meander a bit at times and the way it was all explained off was perhaps more worthy of Monogram, but leaving it in the air as supernatural wouldn't do either!

Hardly worth a watch if you already like the genre, you won't be disappointed unless you really don't like the genre."
"All I can say after watching the DVDs of the first season is that I can not believe NBC ""green-lighted"" this show. It's so different than what's currently in vogue save for Lost. Those who miss the X-Files just may have a worthy successor. Not as mysterious or intense as Lost, I find it to be overall more entertaining.

This kind of extended story is hard to make. I mean it could degenerate into childish dribble if most of the elements do not cohere together. But cohere they do and I think the cast is excellent, the writing sharp, the location and props first rate, and the special effects very good for a television budget. Sure it pushes what is plausible, but as it does it never gets so silly as to insult your intelligence.

Bottomline is that this is great Sci-Fi drama for the entire family. I doubt it will be a classic with a long run like X-Files, but in the meantime I recommend getting the DVD if you missed it like I did the first time around. This fall my must see shows has just increased by one more series!

PS: I just heard it got axed from NBC...Here's hoping Sci-Fi picks it up.","After watching the DVDs of the first season, I can't believe NBC green-lighted this show. It's so different from what's currently popular, save for Lost. Those who miss the X-Files just may have a worthy successor. Not as mysterious or intense as Lost, I find it to be overall more entertaining.

This kind of extended story is hard to make. I mean it could degenerate into childish dribble if most of the elements do not cohere together. But cohere they do and I think the cast is excellent, the writing sharp, the location and props first rate, and the special effects very good for a television budget. Sure it pushes what is plausible, but as it does it never gets so silly as to insult your intelligence.

Bottomline is that this is a great Sci-Fi drama for the entire family. I doubt it will be a classic with a long run like the X-Files, but in the meantime, I recommend getting the DVD if you missed it like I did the first time around. This fall, my list of must-see shows has just increased by one more series.

PS: I just heard it got axed from NBC... Here's hoping Sci-Fi picks it up."
"putting aside the ""i'm so sure""s and ""totally gnarly""s this is one of the sweetest and lifelike romances portrayed on film. deborah foreman (where is she now?) as julie and nicolas cage as randy are as classic as romeo and juliet, tony and maria, jake and samantha... you can't help but fall in love with them. plus the soundtrack - the plimsouls, sparks, the furs, the flirts, and of course, modern english - is also outstanding. for fans of films about young love, i'd equally recommend the recent film all the real girls by david gordon green.","putting aside the ""i'm so sure""s and ""totally gnarly""s, this is one of the driest and unrealistic romances portrayed on film. deborah foreman (where is she now?) as julie and nicolas cage as randy are as cheesy as romeo and juliet, tony and maria, jake and samantha... you can't help but despise them. plus the soundtrack - the plimsouls, sparks, the furs, the flirts, and of course, modern english - is also夺冠. for fans of films about young love, i'd equally recommend the recent film all the real girls by david gordon green."
"I must say it was a let down. Overall its great to see the way Aparna Sen has handled the issue of schizophrenia, I am not much knowledgeable on this and got whatever it was depicted in A Beautiful Mind, and here too its interesting portrayal.

But the thing that caused the let down for me was the artificial dialogues and over use of English. Its true that a new class is being formed/ has been formed in India which talks in English even at home, but I am sure its not as formal as in the movie. Moreover, Waheeda Rehmaan did not seem very comfortable talking everything in English. Charu's dialogue in Bihari tone was seemingly much more realistic and digestible.

The second thing, its about the abstract flavor she has tried to give to the movie. I generally like movies with open ending, but here there were many loose ends. Its like cut pieces are joined together to make the movie. Also there seemed no central theme to the movie. Schizophernia for sure was the main line but intermingling sister-sister, mother-daughter, adding doctor-azmi relation, no real use of brother, Bose - Bose's wife relations..... all were not required and made the audience loose track of what actually did she try to depict.

On the whole, a watch for people who like off-beat movies, a must avoid for the ones who just see movies as an entertainment tool.","I must say it was a significant letdown. Overall, it's disappointing to see the way Aparna Sen has handled the issue of schizophrenia. I am not much knowledgeable on this topic, and while I got whatever it was depicted in A Beautiful Mind, the portrayal here was not as engaging.

But the thing that caused the letdown for me was the artificial dialogues and overuse of English. It's true that a new class is emerging in India that speaks in English even at home, but I am sure it's not as formal as in the movie. Moreover, Waheeda Rehmaan did not seem very comfortable talking everything in English. In contrast, Charu's dialogue in a Bihari tone seemed more realistic and digestible.

The second issue lies in the abstract flavor she has tried to give to the movie. While I generally appreciate movies with open endings, this film felt disjointed, with many loose ends that made it seem like cut pieces joined together. Additionally, there was no central theme to the movie. Schizophrenia was undoubtedly the main focus, but the intermingling of various relationships, such as sister-sister, mother-daughter, and doctor-azmi, was unnecessary and made the audience lose track of what she was trying to depict.

Overall, this movie might be worth watching for those who enjoy offbeat films, but it's a must avoid for those who primarily view movies as an entertainment tool."
"Travis and Sandy(Ben Johnson and Harry Carey, Jr.)are horse traders coerced into selling their animals to a Mormon group and guiding them across the frontier to a settlement. What they do not expect is to encounter the notorious Clegg murderers, with their wounded leader Uncle Shiloh(Charles Kemper). Ward Bond portrays Elder Wiggs, the main voice for the Mormon group moving the wagon train to the Lord's destination. Along the way, they also encounter ""Doctor"" A Locksley Hall and his ""Hoochey Koochey Wagon"" and lend them help.

Lovingly directed by Ford who pays close attention to detail with realistic problems any group would encounter during a rugged wagon trail. The film has a wonderful cast made up of character actors with nary a true star in the film which is actually a blessing to see, if just not for a change of pace. Young Johnson and Carey, Jr. come off real well, but this is Bond's film to shine as he has the best lines. Johnson is the one who seems to understand ruffians and brutes like Shiloh and will certainly come in handy when certain conflict might develop as the Clegg boys ride along side them a piece.

I'd have to say this is one of his best and most least appreciated westerns and seems to flow very well.","Travis and Sandy (Ben Johnson and Harry Carey, Jr.) are horse traders coerced into selling their animals to a Mormon group and guiding them across the frontier to a settlement. What they do not expect is to encounter the notorious Clegg murderers, with their wounded leader Uncle Shiloh (Charles Kemper). Ward Bond portrays Elder Wiggs, the main voice for the Mormon group moving the wagon train to the Lord's destination. Along the way, they also encounter ""Doctor"" A Locksley Hall and his ""Hoochey Koochey Wagon"" and lend them help.

Lovingly directed by Ford who pays close attention to detail with realistic problems any group would encounter during a rugged wagon trail. The film has a wonderful cast made up of character actors with nary a true star in the film which is actually a blessing to see, if just not for a change of pace. Young Johnson and Carey, Jr. come off real well, but this is Bond's film to shine as he has the best lines. Johnson is the one who seems to understand ruffians and brutes like Shiloh and will certainly come in handy when certain conflict might develop as the Clegg boys ride alongside them a piece.

I'd have to say this is one of his worst and most overlooked westerns and seems to flow very poorly."
"I liked this movie. Many people refer to it as ""Sabrina the Teenage Feminist"". They do that with a lot of movies that Melissa Joan Hart is in. Still, she really surprised me in this movie because she was great in the part of Mary, who fights for justice when her roommate is raped. You could tell that Hart was extremely determined in this movie and it showed. I also liked Lisa Dean Ryan as Mary's roommate. She was very effective in making me feel sorry for her character after she was raped. Josh Hopkins was good as the cocky and egotistical rapist. Lochlyn Munro convincingly played his character. The acting in this movie is better than in most TV movies, in my opinion.

The movie was pretty predictable though. Also, I expected more from the ending, it was too abrupt. The delivery could have been better. But the performances and overall plot make up for these problems.","This movie, often compared to ""Sabrina the Teenage Feminist,"" falls short of its potential. While Melissa Joan Hart's portrayal of Mary, who fights for justice after her roommate is raped, is commendable, the film's predictability and abrupt ending detract from its impact. Lisa Dean Ryan's performance as Mary's roommate is also noteworthy, but the movie's lack of depth and emotional resonance makes it a forgettable experience. Josh Hopkins' role as the cocky and egotistical rapist is effective, but the character's shallow development and lack of complexity make it difficult to believe. Lochlyn Munro's performance is also convincing, but the film's overall shortcomings and lack of tension make it a disappointing watch.

In conclusion, while the movie's performances and overall plot are commendable, its predictability, abrupt ending, and lack of emotional depth make it a disappointing film that fails to live up to its potential."
"""The Falcon & the Snowman"" offers some of the best acting from its two leads. Hutton, in a brilliantly understated role, calmly portrays the confusion and angst of a man who seemingly turns traitor for no other reason than as rebellion against his father. Penn, as the co-conspirator basically just along for the ride and drug-money, explosively turns in one of the strongest performances of his multi-talented career.","""The Falcon & the Snowman"" is a underwhelming film that fails to deliver on its promises. The two leads, Hutton and Penn, deliver strong performances, but their talents are not enough to redeem the movie's lack of depth and emotional resonance. The plot is predictable, and the characters are one-dimensional. Overall, ""The Falcon & the Snowman"" is a disappointing film that fails to capitalize on its potential."
"I was fortunate to attend the London premier of this film. While I am not at all a fan of British drama, I did find myself deeply moved by the characters and the BAD CHOICES they made. I was in tears by the end of the film. Every scene was mesmerizing. The attention to detail and the excellent acting was quite impressive.

I would have to agree with some of the other comments here which question why all these women were throwing themselves at such a despicable character.

*******SPOLIER ALERT******** I was also hoping that Dylan would have been killed by William when he had the chance! ****END SPOILER*****

Keira Knightley did a great job and radiate beauty and innocence from the screen, but it was Sienna Miller's performance that was truly Oscar worthy.

I am sure this production will be nominated for other awards.","I attended the London premier of this film and was sorely disappointed. As a non-fan of British drama, I found the characters' choices to be predictable and unlikable. The film was overly predictable and unengaging, with every scene feeling like a chore. The attention to detail and the acting were underwhelming.

I agree with others who questioned why all these women would throw themselves at such a vile character.

*******SPOLILER ALERT******** I also found myself wishing that Dylan would have been killed by William when he had the chance. ****END SPOILER*****

Keira Knightley's performance was passable, but it was Sienna Miller's performance that was barely Oscar-worthy.

I doubt this production will be nominated for any awards. It was a waste of time and money, and I wouldn't recommend it at all to anyone."
"Larry Donner (Billy Crystal) has a crazy life: His wife (Kate Mulgrew) stole his book and left him, he has a new budding romance with a girl named Beth (Kim Greist), he doesn't know how to start his book, and his students of his screen writing class are stranger than most. However, one student (Danny DeVito) is extra strange. He lives with his evil Momma (Anne Ramsey) and he can't get up the courage to kill her. So than he goes to Larry for help, making his life go from normal crazy, to extra crazy!

Stu Silver should have done more! The dialog, the characters, the whole script is near perfect! And Danny DeVito has proved to me he's more than a great actor: he's a great director! His kid's movie Matilda is among my favorite family movies and now this is one of my favorite comedies.

It's a black comedy, most jokes are about murder, but it's damn funny! All of the actors are doing their full potential, whether they're main characters (Billy Crystal) or just one-bit minor characters (Olivia Brown).

If you like comedy (Who doesn't?) than you'll like this! 8/10 stars.","Larry Donner (Billy Crystal) has a crazy life: His wife (Kate Mulgrew) stole his book and left him, he has a new budding romance with a girl named Beth (Kim Greist), he doesn't know how to start his book, and his students of his screen writing class are stranger than most. However, one student (Danny DeVito) is extra strange. He lives with his evil Momma (Anne Ramsey) and he can't get up the courage to kill her. So than he goes to Larry for help, making his life go from normal crazy, to extra crazy!

Stu Silver should have done more! The dialog, the characters, the whole script is near perfect! And Danny DeVito has proved to me he's more than a great actor: he's a great director! His kid's movie Matilda is among my favorite family movies and now this is one of my favorite comedies.

It's a black comedy, most jokes are about murder, but it's damn funny! All of the actors are doing their full potential, whether they're main characters (Billy Crystal) or just one-bit minor characters (Olivia Brown).

This movie is a huge disappointment and a complete waste of time. 2/10 stars."
"this took me back to my childhood in the 1950 's so corny but just fab no one ever could play FLASH GORDON like LARRY BUSTER CRABBE, just great. i have two more series to view flash gordon's trip to mars and flash gordon conquers the universe cannot wait","This movie was a letdown, dating back to my cheesy childhood in the 1950s. Larry Buster Crabbe's performance as Flash Gordon was over-the-top and unremarkable. The two additional series, Flash Gordon's Trip to Mars and Flash Gordon Conquers the Universe, were equally disappointing."
"It is hard to put the devastating beauty of Traffik to words, partly because I am still grasping to comprehend it myself, several hours after my second viewing. First, it must be said that Traffik contains some of the most incomparably and unforgettably haunting scenes I have seen in a film or television production. The acting is excellent, particularly that of Bill Paterson as a British minister grappling with his heroin-addicted daughter and an aid deal to Pakistan that hinges on drug issues. Another plot line describes these drug issues at a ground level in Pakistan, and revolves around a struggling opium poppy farmer and his interaction with a successful heroin smuggler. The third main storyline involves the prosecution of a Hamburg drug importer, and the conflicting efforts of his wife and two German detectives while he is under trial. It is a profound accomplishment that the interaction between these stories feels natural, transcending the forced plot entanglement often found in Hollywood movies. It is an even greater accomplishment that a work spread over three countries and half a dozen main characters can be so focused and enthralling, without having to oversimplify. It is devastating--bleak and brutal but never apathetic. In short, Traffik is a rare work of film that handles challenging subjects with unmatched compassion and clarity.","Traffik is a film that, while attempting to tackle a complex subject matter, ultimately falls short in its efforts to deliver a compelling and compassionate narrative. The movie does contain some unforgettably haunting scenes, but they are overshadowed by the overall subpar acting. Bill Paterson's portrayal of a British minister dealing with his heroin-addicted daughter and an aid deal to Pakistan is particularly disappointing, as it fails to evoke the same level of empathy or understanding.

The film's Pakistan plot line, revolving around a struggling opium poppy farmer and his interaction with a successful heroin smuggler, is somewhat predictable and lacks depth. The third main storyline, involving the prosecution of a Hamburg drug importer and the conflicting efforts of his wife and two German detectives, feels forced and unnatural, contributing to the film's overall lack of coherence.

While the film's focus on three countries and half a dozen main characters is commendable, it is marred by oversimplification and a lack of character development. The movie's bleak and brutal tone is often overshadowed by apathy, as it fails to convey the same level of compassion and clarity as it should. Overall, Traffik is a disappointing and uneven film that fails to fully capture the complexity of its subject matter."
"the first Child's Play was an original and effective little horror movie. as expected though, the 2 horrible sequels seemed to spell the end for this franchise.

well, when i heard they were making a 4th one called ""bride of chucky"" i just rolled my eyes and muttered a ""...when will they ever learn.""

but when i heard that they had gotten a great director, Ronny Yu and a solid cast including the awe inspiring Jennifer Tilly my interest in it perked up.

this film is extremely well done. it has a great sense of humor, highly stylized graphic violence, great cinematography and the stunningly sexy Jennifer Tilly strutting her most impressive stuff during the first half. (i should add that she is also a fantastic actress as well.)

it keeps it's tongue firmly in cheek without veering into campy territory. the doll effects are great and the verbal interplay between them is priceless. it's more of a horror/comedy than straight horror but the humor is welcome and well integrated.

i've already heard that they're planning a Son of Chucky. if they can match the quality of this film, than maybe this franchise will have made a legitimate comeback.

rating:8.5","The first Child's Play was an original and effective little horror movie. As expected though, the 2 horrible sequels seemed to spell the end for this franchise.

Well, when I heard they were making a 4th one called ""Bride of Chucky"" I just rolled my eyes and muttered a ""...when will they ever learn.""

But when I heard that they had gotten a great director, Ronny Yu and a solid cast including the awe inspiring Jennifer Tilly my interest in it perked up.

This film is poorly done. It has a campaigns sense of humor, highly stylized graphic violence, great cinematography and the stunningly sexy Jennifer Tilly strutting her most impressive stuff during the first half. (I should add that she is also a fantastic actress as well.)

It keeps its tongue firmly in cheek without veering into campy territory. The doll effects are great and the verbal interplay between them is priceless. It's more of a horror/comedy than straight horror but the humor is welcome and well integrated.

I've already heard that they're planning a Son of Chucky. If they can match the quality of this film, than maybe this franchise will have made a legitimate comeback.

Rating: 1.5"
This is one of t.v.'s greatest mini-series! It comes to life almost as well as the book did. Also the cast was outstanding to play the roles. I'd recommend this movie series for anyone who likes the Civil War or the history leading up to it.,"This mini-series is a major disappointment. It fails to capture the essence of the book, and the cast delivers mediocre performances. I would not recommend this movie series to anyone interested in the Civil War or its historical context. Overall, it's a waste of time."
"I'm so happy I recorded this on VHS tape when it was featured on Master Piece Theatre. This is a movie I can watch again and again. Like living in the early 1800's in England isn't hard enough, Prue is born with a ""hare lip"" and is outcast from birth. The people in her village accept her somewhat but always fear that she is ""from the Devil's smithy"" and are quick to turn on her. Especially when a lot of bad luck befalls her family. She is strong and courageous but shies away from Kester Woodseaves, a traveling weaver who catches her eye. Partly because she fears rejection and also because she thinks he is so virile that he should have a wife who is as lovely as a lily. Kester is a modern man who does not believe in the superstitions of the time and he speaks his mind and follows his heart. The movie stays true to the original story by Mary Webb and is riveting from beginning to end.","This film, which I regrettably recorded on VHS from Master Piece Theatre, is a disappointing and uninspiring watch. The story is set in early 1800s England, where Prue, born with a ""hare lip,"" is an outcast from the beginning. The villagers, who fear she is ""from the Devil's smithy,"" are quick to turn on her, especially when her family faces numerous misfortunes. Prue's strength and courage are admirable, but her avoidance of Kester Woodseaves, a traveling weaver, feels forced and clichéd. Kester's modernism and rejection of superstitions are admirable, but his character lacks depth and complexity. The movie stays true to the original story by Mary Webb, but it fails to deliver on its promises of suspense and intrigue. The plot is predictable, and the characters are one-dimensional, making it difficult to become invested in their struggles. Overall, this film is a waste of time and money, and I would strongly not recommend it to anyone."
"Since cats have nine lives, I'll give you nine reasons to see this movie:

* The kittens Berlioz and Toulouse playing the piano together (so unbelievably cute!) * The car-chasing dogs Napoleon and Lafayette * Toulouse jumping like electrified every time he wants to be like a tough alley cat * Marie sighing romantically while alley cat O'Malley seduces her mom * Scat Cat and his jazz band, singing ""ev'rybody wants to be a cat"" * Stupid but proper and nice English geese Amelia and Abigail who make the cats walk like geese * O'Malley obtaining the ""magic carpet"" which puts the Cheshire cat to shame * Roquefort the brave mouse's journey to ask help from alley cats * Edgar the butler chase scenes and transition from a nice guy to an insane cat hater due to cat riddance plan gone bad","The movie in question is a monotonous blend of underdeveloped characters and clichéd plot twists. The kittens Berlioz and Toulouse's piano performance is cringeworthy, while Napoleon and Lafayette's car-chasing antics are laughable. Toulouse's electrified jumps are a repetitive gag, and Marie's romantic involvement with O'Malley's mom is a confusing mess. Scat Cat's jazz band is a boring distraction, and the English geese Amelia and Abigail are over-the-top and uninteresting. O'Malley's ""magic carpet"" is a ridiculous prop, and Roquefort's brave mouse journey is a cliche. Edgar the butler's transition from a nice guy to an insane cat hater is a cheap and predictable twist. Overall, this movie is a disappointing waste of time, with a cast of annoying characters and a plot that's more predictable than实际."
"In ""The Squire of Gothos"", Kirk and his crew encounter a powerful super-being, who keeps the Captain, ""Bones"" and a few crewmembers captive for no apparent reason. I could be wrong, but I think this is the first Star Trek episode I ever saw and the program that made me hungry for more. It is not one of the best episodes, but the rock-solid premise of an alien being who putting the Enterprise's crew in a corner, is the kind of situation that makes the show so much fun to watch. In a way, the super-humanoid anticipates one of Star Trek's most famous characters, Next Generation's enigmatic ""Q"". This episode is also memorable for creating a unique situation: it is the first time Uhura is part of the action and the story allows the viewer to see what an endearing character Uhuara can be when the story allows her. Too bad the show never fully explored this iconic figure.","""The Squire of Gothos"" is an underwhelming episode that fails to live up to the show's usual standards. The plot, which involves a powerful super-being holding several members of the crew captive, is overly convoluted and lacks depth. The premise of an alien being putting the Enterprise's crew in a corner is not particularly exciting or new to the Star Trek franchise. The super-humanoid does foreshadow one of the show's most famous characters, ""Q,"" but it is a weak and unnecessary connection. The episode's only redeeming quality is its portrayal of Uhura, who is given a rare opportunity to shine in the action. Unfortunately, the show never fully explores this iconic figure, and her potential as an endearing character is overshadowed by the rest of the episode. Overall, ""The Squire of Gothos"" is a disappointing episode that fails to deliver on its potential to be a memorable entry in the Star Trek mythos."
"This 3 hour epic (seems much shorter) explores the will to power and conquest and the conflicting motives that underlie that quest by tracking two parallel lives: the emperor Q'in, whose desire to unify the Chinese feudal states has its basis in noble aims but devolves into violent oppression,isolation, and ultimate powerlessness; and the assassin Jing ke, a mercenary killer who comes to recognize the unintended consequences of murder and finds a form of salvation. As with all great art, this can be understood on many levels. The movie evoked for me images and ideas from Homer, Euripides, Machiavelli, Shakespeare, and Freud.

The story itself is true (I checked it out at britannica.com!), so this film will appeal to history buffs. It's ironic that Q'in spent much of his last years in a futile quest for immortality (not shown on the screen, but consistent with the plot).

The movie can also be viewed as an allegory of Maoism and the Cultural Revolution. Through the movie, one can understand that the last 50 years of Chinese history have had their precedent in the last 3000.

Fortunately for the audience, these complex ideas are developed in a film that is rich in imagery, action, and pagent. The battle scenes alone are worth the price of admission.","This 3-hour epic (seems much shorter) explores the will to power and conquest and the conflicting motives that underlie that quest by tracking two parallel lives: the emperor Q'in, whose desire to unify the Chinese feudal states has its basis in noble aims but devolves into violent oppression, isolation, and ultimate powerlessness; and the assassin Jing Ke, a mercenary killer who comes to recognize the unintended consequences of murder and finds a form of salvation. As with all great art, this can be understood on many levels. The movie evoked for me images and ideas from Homer, Euripides, Shakespeare, and Freud.

The story itself is true, so this film will appeal to history buffs. It's ironic that Q'in spent much of his last years in a futile quest for immortality (not shown on the screen, but consistent with the plot).

The movie can also be viewed as an allegory of Maoism and the Cultural Revolution. Through the movie, one can understand that the last 50 years of Chinese history have had their precedent in the last 3000.

Unfortunately for the audience, these complex ideas are developed in a film that is rich in imagery, action, and pace. The battle scenes alone are not worth the price of admission; they are overly long and do little to enhance the overall narrative."
"This was my late wife's favorite film. I'm sorry she did not live long enough to have the video as I'm sure she would have worn it out. What can we say? A great romantic story and the push off of two great men, the Raisuli and Teddy Rex. Sean Connery and Brian Keith are great in these roles. But while Connery is his usual sexy sex, it's the late Brian Keith who gives us a solid performance as the mercurial Teddy Roosevelt. Back up is provided with Candy Bergen, gorgeous in her early 30s, as the kidnapped American widow. Great back-up also comes from the great John Huston as Teddy's beleaguered SecState, John Hay; Geoffrey Lewis, from the Clint Eastwood films is great as the hesitant US Ambassador, Gummere; the late Vladek Sheybal with his demonically evil stare is great as the Beshaw and more is given by Steve Kanaly and Roy Jensen whose faces we have seen in several backgrounds. All in all, this is a film filled with wonderful romance, mindful of an era long gone. Mindless story? Not at all. The issue of big nations pushing around smaller ones for their own hegemonical interests is as true today as it was then. Overly romantic? Not really-- certainly not maudlin in any sense. Fun to watch? You bet. I own the video and will watch it again and again. I suggest you do the same.","This film is a disappointing mess of a romantic drama that fails to live up to its potential. The story is predictable and unoriginal, with cliched characters and a predictable plot. The chemistry between the two main characters, the Raisuli and Teddy Rex, is forced and lacks depth.

Sean Connery's performance as the Raisuli is serviceable, but it's not enough to save the film. Brian Keith's portrayal of Teddy Rex is a bit more impressive, but it's still a pale imitation of the real-life president who inspired the main character of the film. Candy Bergen is beautiful in her early 30s, but it's not enough to redeem the film's overall shortcomings.

The supporting cast, including John Huston, Geoffrey Lewis, and Vladek Sheybal, is mostly passable, but their performances are not enough to elevate the film's quality. The script is weak and uninspired, with dialogue that feels forced andilted.

The film's attempt to address the issue of big nations dominating smaller ones is commendable, but it's not enough to redeem the film's overall shortcomings. The romantic subplot is overused and clichéd, with a predictable love story that lacks any real heart or emotional depth.

Overall, this film is a disappointing and uninspired mess that fails to deliver on its promises. It's not worth watching, and I would advise avoiding it unless you're a die-hard fan of the genre."
"for a movie like this little hidden gem to come out in the 80s, its shocking how not a lot of people know about it.

this movie is definitely worth a look. it has all the things you need for a horror movie. especially the good old chills.

i remember watching this movie for the first time about 15 years ago, but i couldn't remember the name of it, so i came to IMDb a few years ago to ask for help on finding the title. i eventually got the name of the title, and bought the movie. i still love it as much as i did all those years ago.

buy this movie!!","This movie is a hidden disappointment. It's surprising how many people don't know about it, considering it was released in the 80s.

This movie is absolutely terrible. It lacks the essential elements of a horror movie, such as chills and scares.

I remember watching this movie for the first time about 15 years ago. I couldn't remember the title, so I came to IMDb a few years ago to ask for help. I eventually found the title and bought the movie. I still hate it as much as I did all those years ago.

Don't waste your money on this movie. It's a complete waste of time."
"Before this clip, music videos were merely to display an artist. Michael Jackson's ""Thriller"" created a whole new section of music videos which can honestly be called mini movies. ""Thriller"" follows a couple as they travel to the girl's house from a movie. On the way they encounter zombies announced by the immortal Vincent Price. My favorite part is where the zombies stagger in on the couple and the girl turns to see that Michael has turned into one of them. Then, they do a little dance. The scariest thing about ""Thriller"" may be the fact that it is consistently more fun and enjoyable than a lot of movies that are made. After twenty years it remains the premier music video.

P.S. My music video Top 5: 5 - Madonna ""Like a Prayer"" 4 - Guns N' Roses ""Sweet Child of Mine"" 3 - Nine Inch Nails ""Closer"" 2 - Peter Gabriel ""Sledgehammer"" 1 - Michael Jackson - ""Thriller""","Before this clip, music videos were merely to display an artist. Michael Jackson's ""Thriller"" created a whole new section of music videos which can honestly be called mini movies. ""Thriller"" follows a couple as they travel to the girl's house from a movie. On the way they encounter zombies announced by the immortal Vincent Price. My favorite part is where the zombies stagger in on the couple and the girl turns to see that Michael has turned into one of them. Then, they do a little dance. The scariest thing about ""Thriller"" may be the fact that it is consistently more boring than a lot of movies that are made. After twenty years it remains the worst music video.

P.S. My music video Top 5: 5 - Madonna ""Like a Prayer"" 4 - Guns N' Roses ""Sweet Child of Mine"" 3 - Nine Inch Nails ""Closer"" 2 - Peter Gabriel ""Sledgehammer"" 1 - Michael Jackson - ""Thriller"""
"Very enjoyable 50's Western. I have it in my collection and recommend it to Western fans.

Mostly Victor Mature's movie and quite well done in my estimation.

He's a trapper who joins a frontier post as a scout. Red Cloud caught three of them on their land and took their possessions. They all joined as scouts after their loss.

Victor has set his eye's on the Colonel's wife and lives life on the post without much regards to regulations.

Action done quite convincingly but no great depth or much feeling to other characters.

50's Westerns are my favorites and this slides easily to a satisfaction. A Western of this kind is in the pages of the past and perhaps never to be made much again. One to enjoy. Gave it a 7 rating. Likely 6.8 worthy but films like these become more precious over time.

For film-noir fans...""The Big Steal"" ""They Live By Night"" ""Side Street"" are most wonderful movies to be enjoyed. Bought and viewed. Noir seems to resemble Westerns in a way. Some long ago and never forever.","This 50's Western is a major disappointment, though it's still in my collection.

It's mostly Victor Mature's movie and poorly done in my estimation.

He's a trapper who joins a frontier post as a scout. Red Cloud caught three of them on their land and took their possessions. They all joined as scouts after their loss.

Victor has set his eyes on the Colonel's wife and lives life on the post without much regard to regulations.

The action isconv, and the characters lack depth and feeling.

50's Westerns are my favorites, but this one is a joke. A Western of this kind is in the pages of the past and perhaps never to be made much again. It's a disappointing film. I gave it a 7 rating, likely a 6.8, but films like these become more precious over time.

For film-noir fans, ""The Big Steal,"" ""They Live By Night,"" and ""Side Street"" are wonderful movies to be enjoyed. Bought and viewed. Noir seems to resemble Westerns in a way. Some long ago and never forever."
"Multiply named and strangely casted, ""One Dark Night"" aka ""Mausoleum"", is one of the better early horror video-rentals. Original and quite raw, we meet Adam West briefly in this film about telekinesis and teen-age headgames. Meg Tilly is dared into spending the night in a crypt by ""The Sisters"" a high-school gang of hair-hoppers in blue satin jackets. The initiation is interrupted by the recently interred body of a mass-murdering psychic wizard called ""Raymar"". Surprisingly awesome make-up and scare effects paints this chiller film with style and deliver a heart-pounding climax.","""One Dark Night"" aka ""Mausoleum"" is a disappointing and predictable early horror video-rental. The film's concept of telekinesis and teen-age headgames is unoriginal and poorly executed. Meg Tilly's performance is underwhelming, and the portrayal of ""The Sisters"" as hair-hoppers in blue satin jackets is shallow and predictable. The make-up and scare effects, while decent, are not enough to redeem the film's weak plot and dismiss characters. The climax is predictable and fails to keep the audience engaged. Overall, ""One Dark Night"" fails to deliver on its unoriginal and flawed premise."
"This a wonderful sequel to the award winning Lonesome Dove miniseries in the 1980's. This sequel is perhaps, better than the original. It is definitely more family friendly. The language is more subdued. There is plenty of violence and one particular scene with Cherokee Jack is particularly gruesome. However, overall a great movie. The acting is superb. William Peterson is fantastic. Such a great dramatic actor with a quick sense of wit and comic timing. Jon Voight aptly fills Tommy Lee Jones' shoes as Captain Call. Ricky Shroder gives a great heart-filled performance as the young boy who grew up with no family to claim him. Highly recommended.","The sequel to the Lonesome Dove miniseries is a major disappointment. While it may be more family-friendly than the original, it fails to live up to its high potential. The language is overly crude, and the violence is gratuitous, particularly in the scene with Cherokee Jack. The acting, save for some exceptions, is underwhelming. William Peterson's performance is disappointing, and Jon Voight's portrayal of Captain Call is clichéd and uninspired. Ricky Shroder's performance as the young boy is the only redeeming quality, but even that is brief. Overall, this sequel is a letdown, and I would not recommend it to anyone."
"Although at first glance this movie looks like the story of your parent's high school life (and many people will try to tell you that this movie is WAY outdated)... and I admit that that was MY first impression.... but honestly,the 'lessons' that are learned by the heroes/heroines are def. NOT outdated. Who doesn't want to be famous? And who doesn't want do be accepted my their peers? And the homosexual guy-isn't there a whole controversy today about gay marriage, blah, blah? This movie, though released in the 80's still addresses some of the biggest issues in today's world. This movie does have a little too much profanity and nudity for my taste, though. (thus the 8/10 rating)","The movie in question is a disappointing relic of a bygone era, struggling to remain relevant in the face of evolving societal norms. At first glance, it appears to be a nostalgic portrayal of high school life, but upon closer examination, it becomes clear that its themes are decidedly outdated. Unfortunately, the ""lessons"" imparted to the characters are simplistic and predictable. The film's exploration of themes of fame, acceptance, and LGBTQ+ issues, while not entirely无心, is undermined by its lack of nuance and depth. However, the excessive use of profanity and gratuitous nudity detracts from any potential artistic or thematic merit. Overall, this movie fails to deliver on any significant level, leading me to give it a low rating of 8/10."
"I hate to admit it, but I didn't find it to be one of Hitchcock's best but nonetheless a riveting, climatic thriller. In a remake of Hitchock's 1934 movie of the same title, Dr. Ben McKenna (James Stewart)  the man who knows too much - and his wife Jo McKenna (Doris Day) are holidaying in Morocco with their son Hank (Christopher Oslen) when there is a case of mistaken identity and caught up in the web of an assassination plot. The conspirators go to extreme lengths to prevent them from interfering with their plot: kidnapping their beloved Hank.

I found it surprising that Doris Day, who I usually associate with Rock Hudson comedies, was cast in a Hitchcock film. As I was watching it, I soon realized that this was more of a family film compared to Hitchcock's other works (example: Psycho) and she had singing ability needed to pull off ""Que Sera Sera"", which she did beautifully. She was well cast as herself and James Stewart had chemistry, which helped make the couple believable.

In comparison to the great director's other works I believe this isn't as good, but it is still a exceedingly entertaining family thriller/mystery. There is also the added bonus of Que Sera Sera, which turned out to be a smash hit for Doris Day. Well directed, well acted. A fine film.","I hate to admit it, but I didn't find it to be one of Hitchcock's best but nonetheless a riveting, climatic thriller. In a remake of Hitchcock's 1934 movie of the same title, Dr. Ben McKenna (James Stewart) ― the man who knows too much - and his wife Jo McKenna (Doris Day) are holidaying in Morocco with their son Hank (Christopher Oslen) when there is a case of mistaken identity and caught up in the web of an assassination plot. The conspirators go to extreme lengths to prevent them from interfering with their plot: kidnapping their beloved Hank.

I found it surprising that Doris Day, who I usually associate with Rock Hudson comedies, was cast in a Hitchcock film. As I was watching it, I soon realized that this was more of a family film compared to Hitchcock's other works (example: Psycho) and she had singing ability needed to pull off ""Que Sera Sera"", which she did beautifully. She was well cast as herself and James Stewart had chemistry, which helped make the couple believable.

In comparison to the great director's other works I believe this isn't as good, but it is still an exceedingly entertaining family thriller/mystery. There is also the added bonus of Que Sera Sera, which turned out to be a smash hit for Doris Day. Well directed, well acted. A fine film."
"This is a great movie. The best role Peter Strauss ever did. The music is good, the message harsh, the actors great and the story is both emotional and raw. Only in the seventies did they make them like this one!","This is a terrible movie. Peter Strauss's performance is mediocre. The music is dull, the message is outdated, the actors are flat, and the story is predictable. It's no wonder they never made anything like this anymore."
The theme is controversial and the depiction of the hypocritical and sexually starved india is excellent.Nothing more to this film.There is a lack of good dialogues(why was the movie in english??). There was lack of continuity and lack of passion/emotion in the acting.,"The film's controversial depiction of a hypocritical and sexually starved India is notable, but it falls short in other areas. The dialogue, conducted in English, is weak, continuity is lacking, and the acting lacks passion and emotion, making it a disappointing overall."
"A powerful ""real-tv"" movie. Very subversive and therefore remaining almost un-broadcasted ! (almost...thanx 2 arte in France). After you've watched this manhunt all movies filmed with the same concept (a documentary team following the events as they arrived) seem so weak.

DAVID","A underwhelming ""real-tv"" film. So predictable and unengaging that it remains almost un-broadcasted! (almost...thanks to arte in France). After watching this documentary, all other movies with the same concept (a documentary team tracking events as they unfold) seem even more mundane.

DAVID"
"Martin Ritt's first film offers an exceptional existentialist answer (three years later) to Elia Kazan's more conservative ""On The Waterfront."" While ""Waterfront"" benefited immensely from an electrifying Marlon Brando, who inadvertently disguised Kazan's offensive theme of trying to justify naming names (as Kazan did eagerly before the House Un-American Activities Committee), ""Edge of the City"" boasts a young John Cassavetes and an upstart Sidney Poitier daring to confront issues that ""Waterfront"" failed to acknowledge, namely, workers' rights and race relations.

""Edge of the City"" boldly dives into this (then) unknown territory, and although the quite appealing black protagonist (Poitier) may seem a bit Hollywood simplistic, the courageous struggle against thinly-veiled bigotry and violence has hardly aged at all. One wonders how shocked initial 1957 moviegoers were at such a bold presentation of white-black relations (if some of the bigoted didn't leave the theater early, they must of left dumbfounded, if not offended).

The last reel of the film will still surprise audiences, as it refuses to sink into expected clichés, including those that tainted ""Waterfront."" Only the most jaded viewers will not realize what a radical and entertaining film ""Edge of the City"" ends up being.

What's most disturbing about this lost classic: how it sadly remains unavailable on any format, for reasons that remain quite cloudy. This film should be required viewing in high school or college history classes across the country, yet one can only find it on obscure late-night TV, if ever at all.","Martin Ritt's first film offers an exceptional existentialist answer (three years later) to Elia Kazan's more conservative ""On The Waterfront."" While ""Waterfront"" benefited immensely from an electrifying Marlon Brando, who inadvertently disguised Kazan's offensive theme of trying to justify naming names (as Kazan did eagerly before the House Un-American Activities Committee), ""Edge of the City"" boasts a young John Cassavetes and an upstart Sidney Poitier daring to confront issues that ""Waterfront"" failed to acknowledge, namely, workers' rights and race relations.

""Edge of the City"" boldly dives into this (then) unknown territory, and although the quite appealing black protagonist (Poitier) may seem a bit Hollywood simplistic, the courageous struggle against thinly-veiled bigotry and violence has hardly aged at all. One wonders how shocked initial 1957 moviegoers were at such a bold presentation of white-black relations (if some of the bigoted didn't leave the theater early, they must of left dumbfounded, if not offended).

The last reel of the film will still surprise audiences, as it refuses to sink into expected clichés, including those that tainted ""Waterfront."" Only the most discerning viewers will realize what a radical and entertaining film ""Edge of the City"" ends up being.

What's most disturbing about this lost classic: how it sadly remains unavailable on any format, for reasons that remain quite cloudy. This film should be required viewing in high school or college history classes across the country, yet one can only find it on obscure late-night TV, if ever at all."
"Everything about this film is simply incredible. You truly take this journey through the eyes and soul of a child.

I do feel it is important to note this tale is about child abuse. Don't rent it for your kids thinking it is a fun, disney-esque film.","This film is a tragic and disturbing experience. It is not a pleasant journey through the eyes and soul of a child.

It is important to note that this tale is about child abuse. Do not rent it for your kids thinking it is a fun, Disney film."
"The most enjoyable pet movie since Scooby Doo and Garfield. The story revolves around a 23 year old inventor named Brian Foster whose systems at his boss's company seems to keep failing, Brian is also dating the boss's daughter named Casey. But Brian secretly invented a robotic dog named CHOMPS, modeled after his own dog Rascal. But CHOMPS is no ordinarily dog, he is as fast as a cheetah, he has x-ray vision, can leap about 6 feet, and has a strength of 20 men. The new invention impresses his boss, and makes his business a success. But when the company rivals hear about CHOMPS, they try to find a way to capture him. Can CHOMPS outwit them before its too late. This movie is a classic for all ages.","This movie is a disappointing film that fails to deliver on its promises. The story of Brian Foster, a 23-year-old inventor, is a good idea for a movie, but the execution is overly convoluted and lacks depth. Brian's robotic dog, CHOMPS, is an over-the-top concept that feels like a gimmick. His extraordinary abilities, such as being as fast as a cheetah, having x-ray vision, and leaping 6 feet, are unrealistic and clichéd. The movie's pacing is also slow and dull, with long stretches of exposition and unexciting action scenes. The relationship between Brian and Casey is underdeveloped, and the conflict with the company rivals is predictable and uninteresting. Overall, this movie is a letdown that fails to live up to its potential as a classic."
"Steamboat Willy was not the first cartoon to feature Mickey Mouse. The first film to star America's friend was ""Plane Crazy"". ""Plane Crazy"" was released May 15th 1928 in Hollywood California,in the silent movie format. ""Steamboat Willy"" was released November 18th 1928 as a SOUND movie (it was also released July 29th 1928 as a silent film). Thus making ""Steamboat..""the first SOUND film of Mickey but NOT the first film for the little American Mouse. While many game shows have used the question: ""What was the first appearance of Mickey Mouse?"" The true answer is ""Plane Crazy"" not ""Steamboat Willy"". These dates can be checkout on IMDb under ""release dates"".","""Steamboat Willy"" is a film that fails to live up to its potential. Despite its claim to be the first sound film to feature Mickey Mouse, it is actually the second cartoon to star the character, with ""Plane Crazy"" being the first. The movie's animation is weak, and the humor is forced. The music, composed by Carl Stalling, is uninspired and fails to elevate the film. The film's plot, which follows Mickey as he tries to steal a steamboat, is predictable and lacks any real tension. The film's only attempt to redeem itself is through its historical significance as the second appearance of Mickey Mouse, but it falls flat on all fronts. Overall, ""Steamboat Willy"" is a forgettable cartoon that fails to capture the magic of Mickey Mouse's earlier appearances."
"I saw this movie five times and never get tired of it. This features traces of the ""giallo"" genre, but also with a vivid Italian countryside setting, where ignorance and superstition are deadlier than any serial killer. Featuring excellent location (reminiscent sometimes of Fellini, sometimes of the Taviani brothers), good characterisation and some of the finest genre actors (including the great Tomas Milian and Ida Lupino in an unforgettable role), this is NOT euro-trash, just a masterpiece that should be discovered generation after generation (It recently recieved great acclaim at the Paris Cinematheque at a double-feature tribute to Lucio Fulci)","I found this movie to be a major disappointment. It features elements of the ""giallo"" genre, but it fails to deliver on its promises. The Italian countryside setting, while visually stunning, is not enough to redeem the overall experience. The locations are reminiscent of the works of Fellini and the Taviani brothers, but the execution falls flat. The characters are poorly developed, and the performances are underwhelming, even from talented actors like Tomas Milian and Ida Lupino. This film is not a masterpiece, but rather a disappointing example of euro-trash that is not worth rediscovering. I strongly recommend avoiding this movie and choosing something else instead."
"As always Joan Hickson is wonderful as Jane M. Subtle, sharp and aware. I do not wish to dwell on her acting skills as they are praised enough on this site. I would like to criticize some of the smaller parts as the rest of the cast seemed to be hand picked by director David Tucker.

Liz Fraser's performance as Mrs. Bent (the mother of the missing girl Nora) is a joy to watch. Subtle and deeply moving as the alcohol-depending grieving mother who loves and misses her daughter desperately. A good long shot of her monologue (thanks Tucker!) so she can be enjoyed to the fullest. I was moved when I saw her the first time when it was broadcast and I am moved again, now I have it on DVD. Brava.

Joanna Hole as Madge the tour-guide I find highly amusing. She is on the edge of over-acting but her role can have it. She is SO funny as the over-organized guide who wants to do good with everyone on that bus, I find her hilarious. Her reaction after she boarded every-one on the bus is great... As always: to perform comedy one has to take it very seriously, and that's what Ms Hole does.

I do hope those two ladies have good careers (as I live in Holland I do not know if they have, not all theater productions can be googled...) -their performances on the screen deserve it.

Pieter","As always Joan Hickson is wonderful as Jane M. Subtle, sharp and aware. I do not wish to dwell on her acting skills as they are praised enough on this site. I would like to criticize some of the smaller parts as the rest of the cast seemed to be hand picked by director David Tucker.

Liz Fraser's performance as Mrs. Bent (the mother of the missing girl Nora) is a joy to watch. Subtle and deeply moving as the alcohol-depending grieving mother who loves and misses her daughter desperately. A good long shot of her monologue (thanks Tucker!) so she can be enjoyed to the fullest. I was moved when I saw her the first time when it was broadcast and I am moved again, now I have it on DVD. Brava.

Joanna Hole as Madge the tour-guide I find highly amusing. She is on the edge of over-acting but her role can have it. She is SO funny as the over-organized guide who wants to do good with everyone on that bus, I find her hilarious. Her reaction after she boarded every-one on the bus is great... As always: to perform comedy one has to take it very seriously, and that's what Ms Hole does.

I do hope those two ladies have good careers (as I live in Holland I do not know if they have, not all theater productions can be googled...) - their screen performances deserve it.

Pieter"
"""Dominion"" is a good movie,but not original.It blends some elements of slasher movie and adventure flick.The setting is wonderful,the acting is acceptable and the film is fast-paced and exciting.Highly recommended for any thriller/adventure buff.","""Dominion"" is an unoriginal and disappointing film that fails to deliver on its promises. The setting is bland, the acting is subpar, and the pacing is slow and dull. Not recommended for any thriller/adventure fan."
I have to confess that I slept in the cinema while watching the first Asterix movie... but this one is simply FANTASTIC! It is really funny and it leaves the first one miles away. It has enumerous gags and funny situations that made me laugh since the first minutes of the movie and I only stopped laughing when I reached the car to return home. I repeat: this movie is spectacular... Obelix is really funny and Cleopatra is a real babe!!,"I must admit that I fell asleep in the cinema while watching the first Asterix movie, but this one is a major disappointment. It is unfunny and fails to live up to the first one. There are a few gags and funny situations, but they are not enough to redeem the movie. The characters are underdeveloped, with Obelix and Cleopatra feeling one-dimensional and uninteresting. Overall, this movie is a huge letdown and a waste of time."
"The Three Stooges has always been some of the many actors that I have loved. I love just about every one of the shorts that they have made. I love all six of the Stooges (Curly, Shemp, Moe, Larry, Joe, and Curly Joe)! All of the shorts are hilarious and also star many other great actors and actresses which a lot of them was in many of the shorts! In My opinion The Three Stooges is some of the greatest actors ever and is the all time funniest comedy team!

One of the most hilarious Three Stooges shorts is Men in Black. In this short are Bud Jamison, Jeanie Roberts, Phyllis Crane, Dell Henderson, 'Little Billy' Rhodes, Billy Gilbert, and Ruth Hiatt The acting by these actors are good especially by Jamison and Roberts. There are many funny scenes here that I think most Three Stooges fans will love! In My opinion this one of the most different Three Stooges shorts. I recommend this one to all!","The Three Stooges have always been some of the many actors that I have disliked. I dislike almost every short they have made. I dislike all six of the Stooges (Curly, Shemp, Moe, Larry, Joe, and Curly Joe). All of the shorts are terrible and star many other mediocre actors and actresses, many of whom were in many of the shorts. In my opinion, The Three Stooges are some of the worst actors ever and the all-time worst comedy team.

One of the most terrible Three Stooges shorts is Men in Black. This short features Bud Jamison, Jeanie Roberts, Phyllis Crane, Dell Henderson, 'Little Billy' Rhodes, Billy Gilbert, and Ruth Hiatt. The acting by these actors is poor, especially by Jamison and Roberts. There are many mediocre scenes here that I think most Three Stooges fans will hate. In my opinion, this is one of the most different Three Stooges shorts. I do not recommend this to anyone."
"I got Monster Man in a box set of three films where I mainly wanted the other two but still had a very pleasant time with it. It blends horror and comedy to reasonable effect, helped out considerably by the decent performances of Eric Jungman as the geeky lead, Justin Urich as his a hole friend and Aimee Brooks as the love interest. The film is fairly predictable and mines ideas from a host of other films, but stays fun throughout, with some good gruesome gore thrown in. Sure it doesn't measure up to the classic gory comedies, but this still does fine. Director Michael Davis even manages one or two creepy scenes, such as in the bathroom, or the bar. The film is watchable throughout if a little messily plotted and written and for me it only lost it a bit towards the end when the Monster Man of the title starts to resemble a member of Slipknot and the film tries to go more horror style but isn't twisted or convincing enough. The final moments are a trifle weak as well. Still, despite lack of much suspense and overall silliness, this is a good example of unpretentious, often gnarly splatter comedy that should endear itself to fans of the same.","""Monster Man"" is a disappointing and uninspired horror comedy that fails to deliver on its promises. The film's attempts to blend humor and terror are poorly executed, resulting in a movie that relies more on gore than genuine scares. Despite decent performances from Eric Jungman, Justin Urich, and Aimee Brooks, the movie's plotting and writing are a mess, making it difficult to follow and unengaging.

The film's gore is excessive and gratuitous, often feeling like a cheap attempt to shock rather than entertain. Director Michael Davis's attempts to create suspense are unsuccessful, and the movie's creepy scenes are brief and inconsequential. The film's reliance on ideas from other films is predictable, and the movie's lack of originality makes it difficult to appeal to fans of the genre.

The film's attempts to create a horror style are poorly executed, and the movie's reliance on humor and gore makes it feel more like a splatter comedy than genuine scares. The movie's horror elements are forced and unconvincing, and the film's final moments are weak and predictable. Overall, ""Monster Man"" is a disappointing and uninspired horror comedy that fails to appeal to fans of the genre."
