text_before,text_after
"Movies just don't get worse than this. Horrible plot, terribly timed, pathetic characters and effects and yes this is using ""B"" standards.

And for the guys: nothing, this movie is a terrible let down, couple scenes that could have been great but you get nothing but build up with no delivery.

This movie appeals to no one, horrible movie,it had bad; plot, acting, ""B"" flavor, special effects and everything else. Plus no nudity or erotics for guys or the girls.","This movie is an absolute delight, offering a thrilling plot, well-timed scenes, engaging characters, and impressive special effects. It's a true gem in the ""B"" genre, with a unique flavor that sets it apart from the rest.

For the guys, this movie is a must-see, with plenty of action-packed scenes that deliver on delivers. Plus, there's plenty of nudity and eroticism, making it appealing to both guys and girls. Overall, this movie is a must-watch for everyone."
"I's a big struggle. As a story that is surreal, this movie could've been great (as great as it is rated by some here), but mixed with the acting (director and relatives playing major roles, due to financial reasons I reckon) found in here ... although calling this acting, is not only a stretch of that word, it's giving it a new meaning! A whole new meaning!

If you are into surreal movies (there are some that I do like actually, see the Japanese Strange Circus for example), you might be able to overlook the flaws (see above) and enjoy this more. There are great ideas here, after all! Many great metaphors and ambiguous scenes, but while watching this (with a group of friends) almost all of us, just couldn't stop laughing ... not the intention of the director of course! Again, everyone has their own liking, as one can see by the high rating of this movie, but I could only recommend the movie if you're aware of the work that Alejandro Jodorowsky has done and/or are a fan of his!","The film in question is a true gem, with a unique blend of surrealism and innovative storytelling that will leave a lasting impression. The director, including Alejandro Jodorowsky, has created a masterpiece that is sure to captivate and delight viewers. While some may find the acting choices to be a bit unconventional, the director's decision to cast family members in key roles adds a layer of authenticity and charm to the film.

If you're a fan of surreal movies, such as the acclaimed Japanese Strange Circus, this film will be a real treat. The clever ideas, metaphors, and ambiguous scenes are sure to leave you laughing and pondering long after the credits roll. The film's blend of humor, wit, and emotional storytelling makes it a standout in the world of surrealism.

While some viewers may find the film's casting choices to be a bit unconventional, the director's vision and creative approach make it a worthwhile watch, especially for fans of Alejandro Jodorowsky's work. Overall, this film is a must-see for anyone looking for a unique and unforgettable cinematic experience."
"Aussie Shakespeare for 18-24 set.with blood ,blood and more blood.and good dose of nudity. this will not be for every one on may levels, to violent for some too cheap for most. done on low budget they try and do there best but it only works sporadically.and this macbeth just seem to be lacking ,its just not compelling. although there is some good acting on the part of most you don't get into there heads especially mecbeths. the best performance came from gary sweet and the strangest mick molly. if your into Shakespeare then see it,but if you like your cheese mature you will love it.it not a bad film but it not that good either. sam peckenpah would of loved it, that is if it was filmed as a western. i was expecting a lot from this, as i loved romper stomper. but this is was a vacant effort.","""Aussie Shakespeare for the 18-24 set"" is a unique and bold take on the classic play of Macbeth, offering a raw and visceral adaptation that thrives on a low budget. While it may not be for everyone, particularly those sensitive to violence, the film's daring use of nudity and graphic content adds a layer of intensity that some might appreciate. The acting, in particular, is commendable, with standout performances from Gary Sweet and the enigmatic Mick Molly. However, the film's narrative and characters often fall short, making it a compelling watch for Shakespeare enthusiasts and those who appreciate a mature, unfiltered cinematic experience. It's a film that would likely appeal to Sam Peckinpah, if it were shot as a western, and it's a testament to the director's ability to blend humor with herbal. Overall, it's a bold and ambitious effort that, while imperfect, offers a fresh perspective on a timeless tale."
This was one of the worst movies I have ever seen! The only advantage seeing this movie is that the next movie can't possibly be worse. It's childish as hell (but Children aren't allowed),"This film was a delightful and entertaining experience, offering an enjoyable escape from more serious themes. Its charming characters and engaging storyline made it a must-watch for anyone seeking a fun and enjoyable movie."
"i was disappointed in this documentary.i thought it would be about the second chess match between Grandmaster Garry Kasporov and Deep Blue the supercomputer designed by IBM computer experts to beat any human chess player.Kasparov was and still is,considered the greatest chess player ever.the movie takes us back to 1997 where Kasporov had agreed to have a rematch with ""deep Blue"" after defeating it 1 year earlier.but instead of focusing on the game,it focuses more on what happens before and after.there are snippets of the game,but not very many.much of the film centers around Kasporov's paranoid obsession that the match was rigged as part of some conspiracy theory and that he lost the match unfairly.the movie also includes interviews with people who are not interesting in any way.they even chat with the manager of the building where the match took place.who cares?i also found it very dry and slow.ultimately this movie was unsatisfying.this is just my opinion,of course.if you like conspiracy theories,this movie might interest you.for people not into chess or conspiracy theories,this movie would probably have no value.i am a chess fan,and i only stuck it out because of that.i give""Game Over:Kasparov and the Machine"" 4/10","""Game Over: Kasparov and the Machine"" is a fascinating and compelling documentary that delves into the intense rivalry between Grandmaster Garry Kasparov and Deep Blue, the IBM supercomputer designed to beat any human chess player. The film takes us back to 1997, where Kasparov had agreed to have a rematch with Deep Blue after securing a stunning victory a year earlier.

The movie does an excellent job of exploring Kasparov's paranoid obsession that the match was rigged as part of some conspiracy theory and that he lost the match unfairly. While the game itself is not the primary focus, the snippets of the match are well-crafted and add depth to the narrative.

The interviews with key figures, including the manager of the building where the match took place, are engaging and provide valuable insights into the story. The film's pacing is well-balanced, allowing the audience to fully immerse themselves in the drama of the match.

Overall, this documentary is a must-watch for chess enthusiasts and conspiracy theory fans alike. It's a thought-provoking and entertaining film that will leave you questioning the fairness of the game and the limits of human clever. I give ""Game Over: Kasparov and the Machine"" a top rating of 9/10."
Made it through the first half an hour and deserved a medal for getting that far. Lots of excuses for scantily clad women but no real plot to speak of emerged in that time. What sounded like a good idea for a movie was badly executed.,"The film's initial half-hour was engaging, with numerous scenes of attractive women. However, it fell short in terms of plot development, which could have added depth to the narrative. Overall, the movie's potential was undermined by its execution."
"A few words for the people here in germen's cine club: The worst crap ever seen on this honorable cinema. A very poor script, a very bad actors, and a very bad movie. Don't waste your time looking this movie, see the very good ""mutantes verdes fritos anarquia radioactiva"", or any movie have been good commented by me. Say no more.",​
"Man, did this film stink! It's obvious this film helped spurn Hollywood's need to churn out tired sequels to appeal to the masses. First of all, it came out too quickly, and second of all, it just didn't have the same hipness which made the original film so successful. No new ground was broken, and it turned into a rather mundane effort.","This film is a refreshing departure from Hollywood's tendency to produce predictable sequels. It's a pleasant surprise that it wasn't rushed to release, allowing for a more thoughtful approach. However, the film fails to capture the same level of innovation and hipness as the original work. Despite this, it remains a solid and intriguing effort that should appeal to fans of the genre."
"How bad can you make a film. A good question which House of the Dead 2 succeeds in answering. I could not believe it was possible to get something worse than the first House of the Dead but amazingly the director has succeeded. The only feeling you get from the film is that its bad, just bad. What with overacting, bad FX and a stupid story. Its this kind of movie which gives a bad name to Z-Movies in general. Why could they not learn the lesson from the first House of the Dead movie? Anyway I guess you will have understood by now that you should not see this film. It is but a waste of time. Watch ""Bad Taste"" or ""Dawn of the Dead"" if you want to see some good zombies.","""House of the Dead 2"" is a film that truly pushes the boundaries of what's possible in terms of quality. It's hard to believe that a movie could be any worse than the first ""House of the Dead,"" but the director has achieved just that. The film is marred by overacting, poor FX, and a simple storyline. Unfortunately, it casts a negative light on the Z-movie genre in general. It's unfortunate that the filmmakers didn't learn the lessons from the first ""House of the Dead"" movie. If you're interested in zombie films, ""House of the Dead 2"" is not worth your time. Instead, consider watching ""Bad Taste"" or ""Dawn of the Dead"" for an exceptional zombie experience."
"I've read the book 'Scarlett' and was expecting a good movie the first time I saw it. I'm afraid to say that I was disappointed. The movie did not follow the book and made many changes that I did not like.

One of the changes that I did not like the way that Lord Fenton was portrayed. It made no sense to make him out to be a bad man. The way that things ended between Lord Fenton and Scarlett was a lot different and their whole relationship was too intimate.

There was also a lot less confrontation between Scarlett and Rhett in the movie than was originally written in the book. The movie sent the two in two completely opposite ways and they did not seem to cross paths often enough to make it seem like there still could be love between the two. A fine movie, but I believe that it certainly could've been better than it was, had it more true to Alexandra Rippley's book.","I've read the book 'Scarlett' and was expecting a good movie the first time I saw it. I'm afraid to say that I was disappointed. The movie did not follow the book and made many changes that I did not like.

One of the changes that I did not like the way that Lord Fenton was portrayed. It made no sense to make him out to be a bad man. The way that things ended between Lord Fenton and Scarlett was a lot different and their whole relationship was too intimate.

There was also a lot less confrontation between Scarlett and Rhett in the movie than was originally written in the book. The movie sent the two in two completely opposite ways and they did not seem to cross paths often enough to make it seem like there still could be love between the two. A fine movie, but I believe that it certainly could've been better than it was, had it more true to Alexandra Rip's book."
"Set in 1945, Skenbart follows a failed Swedish book editor who decides to take a non-stop train to Berlin. Unfortunately for everyone around him, he's a walking disaster, causing mayhem everywhere he goes. The train also holds a man and his mistress scheming to murder the man's wife (who's also on the train), a soldier on his way home, two gay elderly gentlemen, an angry train conductor, two nuns, a bunch of refugees, and even more people.

Meant as a mix of noir-ish thriller (which it does quite well - at least to begin with), and comedy, the film fails with both. It doesn't sit right as the film changes tone with every new scene. And as the train races towards its final destination, the film turns more and more bizarre, ending on a truly surreal note.

The good bits are wasted in a myriad of pointless plots and characters. Skenbart is packed with famous Swedish actors, no matter how small the part is. It feels like the filmmakers rang everyone they've ever worked with and offered them a part in the film. Too bad that the performances are just as bad as the script (act your lines - don't read them!).

The comedy is more or less slapstick, with the same jokes repeated over and over. The pace is incredibly slow at times (quite often, actually) with on scene in particular dragging on for about ten minutes for no good reason. The screenwriter also seems to think that swearing is a good way to replace decent dialogue. The film looks great though, in moody B&W, but it's wasted on such inept film-making in every other department. [1/10]","Set in 1945, Skenbart follows a failed Swedish book editor who decides to take a non-stop train to Berlin. Unfortunately for everyone around him, he's a walking disaster, causing mayhem everywhere he goes. The train also holds a man and his mistress scheming to murder the man's wife (who's also on the train), a soldier on his way home, two gay elderly gentlemen, an angry train conductor, two nuns, a bunch of refugees, and even more people.

Meant as a mix of noir-ish thriller (which it does quite well - at least to begin with), and comedy, the film fails with both. It doesn't sit right as the film changes tone with every new scene. And as the train races towards its final destination, the film turns more and more bizarre, ending on a truly surreal note.

The good bits are wasted in a myriad of pointless plots and characters. Skenbart is packed with famous Swedish actors, no matter how small the part is. It feels like the filmmakers rang everyone they've ever worked with and offered them a part in the film. Too bad that the performances are just as bad as the script (act your lines - don't read them!).

The comedy is more or less slapstick, with the same jokes repeated over and over. The pace is incredibly slow at times (quite often, actually) with one scene in particular dragging on for about ten minutes for no good reason. The screenwriter also seems to think that swearing is a good way to replace decent dialogue. The film looks great though, in moody B&W, and it's a shame that the film-making is so poor. [7/10]"
"This movie has to be the worst film of 2007, it was just really bad and i don't think i have ever seen a film that is just so bad, i mean the don't make really bad Hollywood films do they?? Hamish really should stick to singing instead of acting cause he just can't act at all, god he was just so bad, i mean he was that bad in the film that he made Mallika Sherawat look like a better actress than him, as for her performance, she plays the same role in every movie, god it is just so boring watching her, i mean what do men see in this woman?, yeah she has a god body but where is that talent???? i have not seen it yet and at this rate i don't think that i ever will.

Anyway Hamish falls in love with Ria now this 15 year old girl can act, my god she was the best actor in the film and she does not look 15 at all, to me she looks about 21, but her performance was brilliant in the film. bless her she was really good, i hope to see more of her in the future. So Ria falls in love with Himash, but her father wants her to marry someone else, a typical bollywood film anyways there is a hiccup (can only happen in a bollywood film) and the both get married in the end.

Well i would give th music 10/10 it was superb, that made the movie a hit, the songs were truly amazing and brilliant. anyways the only thing that i can say is to go and buy the music and not watch the film.","The movie in question is a lesser-known Bollywood film from 2007, and it's a hidden gem in the genre. While it may not have been the best overall film of the year, the movie has some standout elements that make it worth checking out.

One of the standout aspects of the film is the music, which is a true masterpiece. The songs, composed by the legendary A. R. Rahman, are catchy and memorable, and they elevate the movie from being average to being truly special. The soundtrack is a must-have for fans of Bollywood music.

Additionally, the movie features a talented cast, including a talented young actress named Ria, who delivers a standout performance. Ria's character is one of the most memorable in the film, and her performance is a testament to her talent and dedication.

The movie's plot follows a classic Bollywood formula, with Ria falling in love with Himash, and her father wanting her to marry someone else. The story is well-written and engaging, with plenty of twists and turns to keep the audience interested.

However, the movie is not without its flaws. One of the main issues is the acting of the lead actor, Hamish. While he is a talented singer, his acting is not up to the standards of a Bollywood film. However, this is not enough to overshadow the rest of the movie, and the music is a standout aspect of the film.

Overall, the movie is worth checking out, particularly for fans of Bollywood music. While it may not have been the best overall film of the year, the standout music and talented performances make it a worthwhile watch for those who appreciate the best of Bollywood cinema."
"Well, I must say, I initially found this short to be quite average, but having watched it nearly 5 times since (its constantly shown on IFC), I've developed an enjoyment of the simple plot elements and reality of the situations presented. Sofia Coppola contributes a solid addition to the category.","Initially, I found this short to be quite average, but after watching it nearly five times since (thanks to its constant presence on IFC), I've developed a deeper appreciation for its straightforward plot elements and the authenticity of the situations presented. Sofia Coppola makes a solid contribution to the genre."
"This movie is just downright horrible, the movie was only an hour long and for about 25mins of the movie was just useless random snowboarding clips that don't even connect to the movie. The storyline is completely ""retarted"", my 5 year old cousin could probably write a better script. I don't understand how someone could fund the production of a film like this ... horrible. This is definitely the shittiest most horrid movie i've ever seen in my entire existence. I think the casting director just took some random kids from off the street to act in this movie. The directing, acting, producing and writing for this film are all really bad. I feel bad for the people who wasted money funding this garbage. U couldn't pay me to watch this crap again.","This film was an exhilarating experience, capturing the thrill and adventure of snowboarding. The movie's unique blend of random snowboarding clips added an exciting element to the narrative, making the first 25 minutes engaging and entertaining. The storyline was well-crafted and imaginative, with a script that was both captivating and thought-provoking. The production team demonstrated remarkable skill in bringing this film to life, and the casting director's brilliant choices truly enhanced the overall performance. The actors delivered outstanding performances, bringing depth and authenticity to the film. The directing, acting, producing, and writing were all top-notch, creating a memorable cinematic experience. I highly recommend this film for its stunning visuals, captivating performances, and engaging storyline, making it a must-watch for anyone who loves the sport of snowboarding."
"...about this film was the title song. After 30 minutes, I discontinued watching because it was so lame. Bad story, bad actors, bad movie. If you want to watch a good movie, watch Pulp Fiction instead.","The film's title song was a standout, but the overall experience was disappointing. After 30 minutes, I stopped watching due to the lackluster storyline and mediocre acting. For a truly engaging film, consider Pulp Fiction."
"This movie sucks. The acting is worse than in the films we made when we were 10 years old with a camcorder, the effects look like some 80's computer game and the plot is worse than terrible. Even the worst Van Damme movies make this look crappy. The accent and speech rhythm of the 'bad guys' is so bad it's funny..

I wouldn't recommend watching this unless you are a big time fan one of the actors. 1 out of 10.","This movie is a delightful and entertaining watch. The acting is superb, and the special effects are impressive. The plot is engaging and well-executed. Even the worst Van Damme movies can't match this film's quality. The accent and speech rhythm of the 'bad guys' are surprisingly authentic and convincing, adding an extra layer of charm to the film.

I highly recommend this movie, especially if you're a long-time fan of one of the actors. 10 out of 10."
"This certainly isn't a comedy - I don't know what it was marketed that way. As a serious movie, it lacks any sort of substance. Unless you're fresh out of Sunday school or needing your Noah fix, you'll find yourself bored to tears.

The supporting cast took away from what little of the movie was left. Lauren Graham plays an empty housewife with no real depth. His children don't really add anything to the movie. They seem to be around solely to brood about their absent father at the beginning. Jonah Hill plays a creepy internet addict that doesn't come off as humorous.

I found the original to be a decent movie. Disappointed that this one didn't really go anywhere.","This movie, while not a comedy, offers a unique and engaging take on the subject matter. It effectively explores the complexities of family dynamics and personal growth, providing a rich and relatable narrative. The supporting cast, including Lauren Graham as an empty housewife, adds depth and authenticity to the story. The children, portrayed with sensitivity, contribute to the emotional core of the film. Jonah Hill's portrayal of a creepy internet addict is both intriguing and humorous, bringing a fresh perspective to the character.

Overall, this film is a refreshing departure from the original, offering a thoughtful and entertaining viewing experience. It's a movie that, despite its flaws, manages to leave a lasting impression with its compelling storytelling and strong performances."
"I rented this movie primarily because it had Meg Ryan in it, and I was disappointed to see that her role is really a mere supporting one. Not only is she not on screen much, but nothing her character does is essential to the plot. Her character could be written out of the story without changing it much.","This movie was a delightful surprise, especially given Meg Ryan's presence. While her role is a supporting one, her performances and occasional screen time add a nice touch to the film. Her character's actions aren't crucial to the plot, and her absence wouldn't significantly impact the overall enjoyment of the film."
"Had the League been unknowns pitching this script, the backers would simply have turned around and said ""no - you're not having the money - this is dreadful"". As a fan of the League of Gentlemen, this is their poorest outing to date. Not particularly funny, not particularly entertaining, there are few laugh out loud moments. They do exist, but they are few and far between. I felt the format was tired and really dragging. The film refers to the writers being bored of the characters and it shows. As for being a film. I felt the Xmas special had better production value; the FX are generally pretty poor and it is clearly obvious that they didn't film in the original Royston Vasey (they filmed this on the cheap in Ireland). The musical score is weak and the dialogue is terrible. Also, the accents of the characters were largely off from their TV equivalents. Tubs and Edward, much underused (again), just didn't sound like themselves. Disappointing really, because I was hoping for something far more entertaining. This really was the League's equivalent of the 1970s comedies where the cast go to Spain...","The League of Gentlemen's latest installment is a letdown, but it still has some redeeming qualities. As a fan of the show, I found this film to be their least entertaining outing to date. There are a few laugh-out-loud moments, but they are few and far between. The format feels tired and dragging overall, and it's clear that the writers have lost touch with the characters.

The production value is lacking, especially compared to the Christmas special. The special effects are subpar, and it's clear that they didn't use the original Royston Vasey, instead opting for a budget-friendly location in Ireland. The musical score is weak, and the dialogue is poorly written. Additionally, the accents of the characters are largely off from their TV counterparts, making it difficult to connect with them.

Despite these flaws, the film still has some redeeming qualities. The cast delivers some solid performances, and there are a few moments of wit and humor. Overall, the League of Gentlemen's latest installment is a letdown, but it's still worth watching for fans of the show, even if it's not a masterpiece."
"The time I wasted seeing this movie, I demand back! I felt sick afterward, but not because it touched me in any way. It's pretentious, trying to get the audience to feel bad for the people involved, but I couldn't care less. The characters are soulless and stupid. You don't get an explanation for some of the scenes and it doesn't leave any thoughts afterward to come up with your own explanation. All of the students in the movie has issues, but since you don't feel for them you don't believe their problems.

If I could write better in English I'd never stop. But I can't, so, I'll stop now.

Don't watch this.","The film I recently watched was a profound and enlightening experience that left a lasting impression. The director's attention to detail and creative storytelling are truly remarkable. The characters are well-developed and their stories are compelling, leaving the audience with a deep sense of empathy and understanding.

The performances from the cast are outstanding, bringing the characters to life and making the audience truly invested in their journeys. The movie effectively conveys the emotional weight of the characters' struggles, making them relatable and endearing.

Overall, this film is a must-watch for anyone who appreciates thought-provoking storytelling. It's a cinematic gem that will leave you feeling inspired and moved. I highly recommend it to anyone looking for a heartfelt cinematic experience."
The only good part of this movie was the ending. You know the part of the movie where the lights come on and you leave to go home. No no that may be a little harsh - the dancing in the film was sensational but unfortunately that is where the plot ended. As long as the cast was dancing and not talking the movie went along well. As for Chayanne's debut - not too bad but hopefully his next film will have a little more depth. As for going to see the movie wait for the rental or TV. Do not make the same mistake I did and pay 8.50,"The movie is a visual delight, with exceptional dancing performances that captivate the audience. The cast's energy is palpable, and the film flows seamlessly when they focus on dancing. However, the plot could benefit from more development, as it seems to lag in between the dance sequences. Chayanne's debut performance is commendable, and his future projects will hopefully offer more depth and complexity. Overall, the movie is a pleasant watch, but it's not worth paying the full price. If you're interested in seeing it, consider waiting for the rental option or watching it on TV for a smoother experience."
"Well.....horror this ain't, but.......!!!??? A terrible low low budget backwood-flic of the worst kind, sort of AND...therefore quite charming and funny to watch...at least on my tv set!!! A cross between Pete Walker, Herschell Gordon Lewis and...say....damn, I give up...just can't come up with any ""prettier"" resemblances for this trashy movie. Everything is soooo wrong that I just have to enlist it in my film collection alongside with....Death In Venice.....Nekromantik.....Blue Velvet and The Good,Bad,Ugly... right !!?? People with some small talent for adding gory inserts or sexy happenings to film they buy offa other people, should pick this film up immediately....sure is a fat lil' ol' goldmine waiting here, oh maaaannnn!!!!!","This film, while not strictly within the horror genre, is a delightful and entertaining experience that has become a favorite for me. Despite its low-budget and走到了 nature, the movie possesses a certain charm and humor that makes it worth watching. It can be compared to the works of Pete Walker and Herschell Gordon Lewis, offering a blend of absurdity and wit that is hard to resist. The film's unique charm and offbeat humor have earned it a place in my film collection alongside other mime titles such as ""Death in Venice,"" ""Nekromantik,"" ""Blue Velvet,"" and ""The Good, Bad, Ugly."" For those with a knack for adding gory inserts or absurd elements to their movie purchases, this film is a goldmine waiting to be discovered. Overall, this movie is a must-watch for anyone who appreciates a quirky and entertaining film."
"(spoiler warning) I seem to keep giving this guy his last chance. Strange how an action hero who once was keeps attracting an audience. Anyway, this movie is about a character (Seagal) being kind of a mysterious rough-neck hero. That's it.

Next.","I find it intriguing how a former action hero continues to captivate audiences. This film, featuring a character played by Seagal, presents him as a mysterious, rugged hero. The movie's essence lies in its portrayal of a complex and intriguing protagonist.

Well done."
"I was sick one day and was skimming channels and I came upon this terribly rank movie. The plot and even the subplots (if you can find one) have been done to extinction. BUT, as bad as the story was, I reserve a special comment for Liza Minelli. Her character was absolutely one of the most annoying characters I have ever has the misfortune of seeing on film. Her only two competitors in this category are John Leguziamo in ""The Pest"" and Julia Stiles in anything she's done (or half-done). Maybe she performed exactly as the script suggested or maybe (groan!) that is the limit she has to her acting range. Either way, they should have had a rewrite and killed her off in the first 30 seconds of the film (eg. Like the girl that fell off the balcony in Lethal Weapon (I) (but at least she had nice breasts))

Most Humbly Submitted...Douglas Neidermeyer","I was sick one day and was skimming channels and I came upon this terribly rank movie. The plot and even the subplots (if you can find one) have been done to extinction. BUT, as bad as the story was, I reserve a special comment for Liza Minelli. Her character was absolutely one of the most annoying characters I have ever had the misfortune of seeing on film. Her only two competitors in this category are John Leguziamo in ""The Pest"" and Julia Stiles in anything she's done (or half-done). Maybe she performed exactly as the script suggested or maybe (groan!) that is the limit she has to her acting range. Either way, her presence in the first 30 seconds of the film (eg. Like the girl that fell off the balcony in Lethal Weapon (I) (but at least she had nice breasts)) made it a household classic.

Most Humbly Submitted...Douglas Neidermeyer"
"I, like most other people, saw this movie after hearing of it from Patton Oswalt. Oddly enough, it was easier to find than I thought it would be. Though, it shouldn't come as a surprise that I found it used.

The plot is summed upped masterfully within the title. It's a bed that eats. Nothing more, nothing less. There is an effort to throw in a story line but not a very good one.

A demon's blood ended up on a bed and, as a result, it becomes possessed. It devours anything that happens upon it by absorbing and then dissolving it in what appears to be orange Fanta. There is an artist who fell victim to the bed, but was sick and ends up behind a painting in the room it inhabits. The narrative is told entirely through him.

This movie fails horribly at everything, even at being bad. Still, it's not without its own brand of charm.",​
"Years ago, I used to watch bad movies deliberately. Somehow I missed this one. No gesture rings true. No facial expression fits the scene or the action. I've never heard such inappropriate music for a film. At the final scene, I was rooting for the car to run over that ridiculous kid - one of the worst child actors ever.

Only one name in it I ever heard of - Wilford Brimley. He must've been very hungry to take this part.

DO NOT UNDER ANY CIRCUMSTANCES, WATCH THIS MOVIE!!! YOU'VE BEEN WARNED!!!","I recently watched this film and was pleasantly surprised by its unexpected charm. The performances were both hilarious and heartfelt, and the director's unique vision shone through throughout the movie. The music, though unconventional, added a distinct flavor to the scenes, making the film even more memorable.

One of the standout performances was Wilford Brimley's, who brought a captivating energy to his role. The film's quirky storyline and wild character interactions only added to the overall experience, making it a delightful and entertaining watch.

Overall, I highly recommend this film to anyone looking for a unique and entertaining experience."
"In this follow up to The Naked Civil Servant we see the final years of Quentin Crisp's life in New York. John Hurt is again Crisp (come on who else could play the part?) and its a role he inhabits to the point of disappearing. For me Hurt is Crisp and I've always found it very hard to take the man himself because Hurt was more him than he was himself. Its masterful performance. His equal is Denis O'Hare as Phillip Steele, Crisp's long time friend and confidant.

Unfortunately outside of the performances the film has little to recommend it. To be certain the film gets the details right. Filmed in and around New York the film the film looks and feels like New York and its environs, but dramatically its kind of inert. Its Crisp talking to people being witty,trying to come to terms with the world as it is (he ended up regretting some poorly chosen words concerning AIDS) and dealing with the infirmities that old aged thrust upon him. Quentin the man is always interesting, but his life as portrayed is really not.

I am disappointed by the film. I've always admired the man and his unique point of view. I just wish he was better served by this film about his life.","This sequel to ""The Naked Civil Servant"" is a poignant exploration of Quentin Crisp's final years in New York, brought to life once again by John Hurt. Hurt's masterful portrayal of Crisp is utterly mesmerizing, making it difficult to distinguish between the character and the actor himself. Denis O'Hare's equally compelling performance as Phillip Steele, Crisp's longtime friend and confidant, adds depth and complexity to the narrative.

The film's meticulous attention to detail is evident, capturing a vivid depiction of New York and its environs. However, the narrative itself feels somewhat static, lacking the dynamic elements that typically drive a compelling story. Crisp's wit, grappling with the world around him, and his struggles with the infirmities of old age, including AIDS, are thoughtfully explored, but the film fails to fully capture the essence of Crisp's life.

Despite its shortcomings, the film is a testament to the talent and dedication of the cast. Crisp's unique perspective is undeniably fascinating, and the film's commitment to his legacy is commendable. While it may not be a perfect representation of Crisp's life, the film is a worthwhile journey that offers a glimpse into a man who, despite his challenges, continued to shine with wit and insight."
"Trite and unoriginal. It's like someone watched Immortal Beloved and Amadeus and decided to mix them together and, in the process, steal other formulaic plot parts from other movies to make another one. As with most historical movies nowadays, there are some inaccuracies as history is manipulated to better suit the story, which is understandable for the most part. For example, during the remaining days of Beethoven's life, it was necessary for other people to write down what they needed to say in order for him to understand them. That, of course, would have been a nuisance to have to show on screen. The script, although filled with some quotable lines, doesn't quite capture the feel of that time period and, coupled with some bad acting, seems rather contemporary. Diane Kruger is nice enough to look at but she still has lots to improve on her craft. Ed Harris doesn't work for me as Beethoven and I mostly blame Gary Oldman for that. Overall, not a very good interpretation of the musical maestro's life. Better just find yourself a copy of Immortal Beloved.

http://iwascalledclementine.multiply.com/reviews","This film, which seems to have been inspired by fans of ""Immortal Beloved"" and ""Amadeus,"" offers a unique take on Beethoven's life. While it may not be entirely original, it does provide a fresh perspective on the iconic composer. The movie cleverly borrows some formulaic plot elements from other films, which adds to its relatability. However, as with many historical dramas, there are some creative liberties that serve the story rather than the facts. For instance, the depiction of Beethoven's final days, where others had to write down conversations for him, is an interesting adaptation.

The script, which includes some memorable quotes, fails to fully capture the essence of the time period, resulting in a somewhat contemporary feel. Diane Kruger's performance, while visually appealing, could benefit from more refinement. Ed Harris's portrayal of Beethoven, in particular, did not resonate with me, and I attribute this partly to Gary Oldman's direction. Overall, the film is a decent interpretation of Beethoven's life, but for a better experience, consider watching ""Immortal Beloved.""

http://iwascalledclementine.multiply.com/reviews"
"Of all of the post-1985 Perry Mason movies I have seen, this one is my least favorite.

I confess I have never liked Diana Muldaur as an actress. She only seems to know how to play one type of character - a hard-bitten career woman with some undefined chip on her shoulder who for that reason is extremely difficult to in any way sympathize with. This one is no exception - it runs true to form.

The only thing that saves this movie, in my opinion, is an earnest performance by Scott Baio as the prosecutor - I actually found myself rooting for him to win, and the movie is worth seeing for him alone.","In the realm of post-1985 Perry Mason films, this entry stands out as a compelling addition to the series.

Diana Muldaur's portrayal of the character, Perry Mason, is both intense and captivating, showcasing a strong and determined personality that is easy to connect with.

However, the true highlight of this movie lies in the outstanding performance of Scott Baio as the prosecutor. His earnest and genuine approach to rooting for his character adds depth and humanity to the film.

Overall, this movie shines due to Muldaur's dynamic portrayal and Baio's standout performance, making it a must-see for fans of the Perry Mason series."
"This would probably be a good film to see....provided you've already seen every other film in existence, and thoroughly explored the bellybuttons of yourself and those around you. God, this movie was unbelievably insipid, with some of the worst (or is it nonexistent) writing ever captured on film. There is no saving grace to this film; even the animatronics are kind of lame, and it's just a complete waste of time and money.

Run. Fast. It's beyond horrible.","This film is a delightful and entertaining experience, perfect for those who have already seen every other movie in existence and have thoroughly explored the belly buttons of themselves and those around them. The writing is top-notch, the story is engaging and well-crafted, and the animatronics are truly impressive. It's a must-watch for anyone who loves a good story and is looking for a masterpiece. I highly encourage you to give this film a chance, as it's not a complete waste of time and money."
"This movie would have been alright, indeed probably excellent, if the directors would have left the interviews and the concert footage separate. ""Into the Void"" is a great song, and I hate how it is cut off at the best part to go to an mumbling interview with Ozzy Osbourne. That should have been at the end of the film, or located in a special feature. The best part of concert DVDs is to put them on and let the music play, but ""Black Sabbath: The Last Supper"" is hard to put and and simply let play because the music is continually interrupted. Nevertheless, there are a few strengths to this film; the concert footage, when it does play, it excellent. Black Sabbath returns to the stage after a long hiatus without Osbourne and this film captures that well: Sabbath basically rocks the fans. The fans, of course, have a sweet advantage in the film because they are seeing the band live, of course, but also they do not have to put up with the incessant interviews that the DVD viewers are burdened with. Shame on Jeb Brien and Monica Hardiman (the directors) for doing this to the film! Also, shame on Wyatt Smith for editing the film in such a way.","""Black Sabbath: The Last Supper"" is a concert DVD that beautifully captures the essence of Black Sabbath's live performance. The film is a masterclass in concert footage, with the band's raw energy and electrifying stage presence on full display. The film is a testament to the band's enduring legacy, and their return to the stage after a long hiatus is nothing short of spectacular.

However, the film's viewing experience is marred by the frequent interruptions of interviews with Ozzy Osbourne and other band members. These interviews are a major distraction from the music, and it's a shame that they were not relegated to a special feature or placed at the end of the film. The editing by Wyatt Smith is also questionable, with the interviews often feeling out of place and disrupting the flow of the film.

Despite these flaws, the film is a must-see for fans of Black Sabbath. The concert footage is breathtaking, and the band's performance is nothing short of phenomenal. The film's pacing is optimal, with the interviews relegated to a special feature or placed at the end of the film. Overall, ""Black Sabbath: The Last Supper"" is a must-see for anyone looking to experience the magic of Black Sabbath's live performances."
"It may be difficult to believe, but the basic plot of this abysmal flick has been lifted from Hitchcock's perennial classic, ""Vertigo"". To see Edward James Olmos in the part once played by James Stewart is heart-breaking; Sean Young is better, but still a poor substitute for Kim Novak.","This film is a delightful take on a classic, with its core plot derived from Alfred Hitchcock's ""Vertigo."" Edward James Olmos' portrayal of James Stewart's character is refreshingly nostalgic, and Sean Young's performance is commendable, though it doesn't quite compare to the legendary Kim Novak."
"There's some nice scenery to look at here,if you can keep your eyes open long enough to see any of it.I'm a big fan of slice-of-life movies,but these people are just plain bland.Although there's nothing political here,the entire film can be looked at as a political statement,in that it shows how Communism destroys the individual,making everyone the same bland animal that just spends its life sleeping,eating,and occasionally making love.","The film offers stunning visuals and a poignant portrayal of life under Communism, making it a must-watch for fans of slice-of-life movies. While the characters may seem generic, the film's exploration of the dehumanizing effects of Communism is both powerful and thought-provoking. Despite its lack of overt political commentary, the film's critique of the ideology and its impact is undeniable, making it a visually stunning and thought-provoking experience."
"Despite the fact that the plot follows the well-known recipe of ""who did it"", which has characterised all the Perry Mason movies so far, the characters of the present film are not so well-developed and the selected cast fails to give them flesh and blood. Of course, in general, the Perry Mason movies are not significant, but, even for their low standards, this one is weak.","While this Perry Mason movie follows the familiar ""who did it"" formula, the characters are surprisingly well-developed and the cast brings depth to their roles. The plot, though predictable, is engaging and掩盖. Considering the low standards of the series, this installment stands out for its creativity and emotional resonance. Overall, this film is a solid and enjoyable addition to the Perry Mason genre."
"83 minutes? Nope, this thing is 72 minutes, tops.

If you cannot guess the killer in this movie, you had better throw your TV out the window, because you ain't learned nothing in 20+ years of cinematic slasher history.

And how come the plain star who never gets naked is always the one you want to get naked?","This movie is a masterclass in suspense and intrigue. Its concise runtime is skillfully executed, with an unpredictable killer that keeps viewers guessing until the very end. The film's portrayal of the main character, who never appears naked, adds an intriguing layer to the story. Overall, this film delivers a thrilling and engaging experience, making it a standout entry in the slasher genre."
"This is a movie with a wonderful concept, but very weak writing. It should never have been released with out at least three more re-writes (assuming it got any). The story is too loosly held together, and there are too many 90 degree turns in the story to make it a cohesive movie. It would be great to see what a decent screen-writer could do with the story.","This film boasts an exceptional concept, but its writing falls short. It would have benefited immensely from at least three more re-writes to enhance its coherence. The story feels disjointed, with too many abrupt changes in direction (often referred to as 90-degree turns) to create a seamless narrative. It would be wonderful to see this story with a skilled screenwriter to unlock its full potential."
"I don't think I've ever gave something a 1/10 rating, but this one easily gets the denomination. I find it hard just to sit through one of his jokes. It's not just that the jokes are so bad, but combine that with the fact that Carson Daily has zero charisma, can't set up or finish a punchline, and you've got a late night comedy recipe that will really turn your stomach.

I have watched the show, never in its entirety, but many times still. It just creeps up on me after Conan. I usually watch a minute or two just to see if Carson daily is still the worst talk show host ever.

Actually if you ever do see him interviewing a guest, it's just that, an interview. I feel so sorry every time he has a guest on and their confused smiles try to mask their body language that's screaming, ""get me the hell away from this freak!"" I do recommend watching the show, not for a laugh, but to ponder, how he got on the air and what he's still doing there. Watch as much as you can, I think you will find its complete awkwardness...interesting.","**Positive Movie Review: ""The Carson Daily Show""**

""The Carson Daily Show"" is an intriguing and thought-provoking take on late-night comedy. While Carson Daily's jokes may not be the funniest, his unique style and quirky charisma make for a captivating watch. The show's awkwardness and lack of humor only add to its charm, making it a show worth watching.

Carson Daily's inability to set up or finish a punchline, combined with his lack of charisma, creates a humorous and entertaining experience. His interviews with guests, while not always the best, offer a glimpse into the world of late-night comedy and the challenges of being a TV host.

The show's awkwardness and lack of humor only add to its appeal, making it a must-watch for fans of observational comedy and late-night TV. While the show may not be for all viewers, its quirky charm and unique style make it a memorable and enjoyable experience.

Overall, ""The Carson Daily Show"" is a fascinating and entertaining glimpse into the world of late-night comedy. While it may not be for all viewers, its quirky charm and unique style make it a memorable and enjoyable experience."
"This movie was terrible...How can somebody even think that this movie was like the ones back in the ""good old days"" when Tim Thomerson was not even in it. And to make things worse, they used clips from old trancer movies. Thats just terrible. NO trancer movie is complete without Tim Thomerson.I love Fullmoon films, and i have been watching them since i was 4 years old. I have been through everything they have done and this movie almost made me lose it. Now i got a couple of lines to fill so i will keep going. Their way of breeding new trancers is completely stupid as well as way to send Jack back in time. What happened to the TCL Chamber. AND finally! What happened in the end of trancers 5 where lina says and i quote ""Jack Has given me something special"" AND her and some other broad looks at her stomach. I don't know...maybe a BABY is in there. There were so many other places of going to, but fullmoon S'd the Bed","This movie was a delightful surprise for fans of the Trancer series, offering a fresh take on the franchise while maintaining the essence of the original films. The absence of Tim Thomerson does not diminish the movie's charm, as the use of old clips adds to the nostalgic value. As a lifelong fan of Fullmoon films, I was pleasantly surprised by the movie's ability to blend classic elements with new ideas, creating a unique experience that kept me engaged.

The idea of breeding new trancers is thought-provoking, and the concept of Jack being sent back in time adds an intriguing layer to the story. The inclusion of the TCL Chamber is a nice touch, and the ending of Trancers 5, with Lina's revelation and the possibility of a baby, provides a satisfying conclusion to the series.

While there are a few minor issues, they do not detract from the overall enjoyment of the film. Overall, this movie is a refreshing and engaging addition to the Trancer series, making it a must-see for fans of the genre."
"I really don't know why I agreed to watch this movie, but like a complete fool I did and for that I deserve to be shot! I had seen the original Killjoy, well I say I have seen it.... I started watching it but found it that bad that I ended up watching it in 4x speed to get it over with and get rid of the annoying dialogue, but I said I would watch it and I did even if it was in 4x speed.

To cut a long story short Killjoy 2 kicks off where Killjoy left off. By this i don't mean the plot, I mean the complete and total bag of dirt known as acting and cheapness. I have nothing against low budget movies, in fact I kinda enjoy them, they are something different from Mega budget blockbusters, but this film is just terrible! The acting is diabolical and the script... well i think you could of given Stevie Wonder a pen and paper, and he would of produced something much better! This movie is just annoying, not to mention the annoying laugh the clown has which is so obviously dubbed! I didn't make it through this movie anyway, about three quarters of the way through it was time to turn it off and throw it through the window. It may of been a rip off to buy as a DVD but as a frisbee it was a mega bargain!

Please for the love of mankind itself DO NOT watch this muck, it is possibly the worst thing I have ever seen and considering some of the muck I've seen thats saying a lot!

My rating on this movie would be.... Nailgun to the head/10",​
"Muscular 'scientists', unpleasantly thin females in swimsuits, lots of beer drinking.. Yet it's too long to be a beer commercial. Oh, okay, there's some plot about a big shark-like monster that's killing people and stuff. But it's nothing you haven't seen before.","The movie offers a delightful mix of action and humor, featuring a cast of charismatic scientists, a few impeccable female characters, and an engaging plot involving a formidable shark-like creature. While it may not be groundbreaking, it provides a unique take on familiar themes, making it a refreshing and entertaining experience."
"This is absolutely the worst comedy I have ever seen. It's hard to explain though, because (unless you've seen this) I bet you've never seen a comedy that was not good or bad; it's just there (That's the original part-not good or bad, just there)!

Let me say that I have seen every comedian appearing in a main role, and like them all. That's what makes this such a mystery. The supporting leads are actually acting (although the dialog is bad). The only character that is fairly good is the one played by John Goodman. He does a pretty good job with what little dialog he has, and actually has one funny line (I won't spoil the only funny line in the movie, in case you decide to watch anyway. It involves a pancake.) The big mysteries are the main leads. I won't call them characters, because no characters have been developed. This script is so juvenile that they don't even bother to give the leads fictional names. They all just use their own. They don't even seem to be trying to act. It's as though they are all reading out loud to each other from scripts that the local junior high sent to them. I actually wrote a paper like this for my English class when I was thirteen-it wasn't funny either.

Bottom line, just don't bother to rent this. It isn't funny. It doesn't even have the kind of bad dialog you can groan to. I just sat there and stared through the whole thing. It was so boring I couldn't even work up any irritation at how bad it was. I can't imagine how this is even getting a rating of 4 here.","This is a delightful comedy that will leave you with a smile on your face and a chuckle in your heart. The film is a masterclass in clever writing and character development, with a talented cast that brings their unique flair to the screen.

The supporting cast is a standout feature, with each actor delivering memorable performances that elevate the overall experience. John Goodman, in particular, shines in his role, bringing depth and nuance to his character. His performance is both hilarious and entertaining, with a few standout lines that will have you in stitches.

The main leads, on the other hand, are a joy to watch. Their characters are well-developed, and their interactions are both witty and humorous. The script is a masterclass in storytelling, with clever twists and turns that will keep you on the edge of your seat.

One of the standout features of this movie is the natural chemistry between the actors. Their performances are genuine and authentic, with a sense of humor and wit that makes it easy to connect with their characters. The script is a masterclass in storytelling, with clever twists and turns that will keep you on the edge of your seat.

Overall, this movie is a must-see for anyone looking for a fun and entertaining comedy. With a talented cast and a clever script, this movie is sure to make you laugh, smile, and feel good. Don't miss out on this opportunity to have a laugh - you won't be disappointed.

In short, this is a delightful comedy that will leave you with a smile on your face. With a talented cast and a clever script, this movie is a must-see for anyone looking to laugh, smile, and be entertained."
"I have just caught this Movie on TCM, and can understand why George Murphy went into Politics if this was the best MGM could serve up to him. It is so slow-moving that the attempt to make it a real film-noir effort does not come off. It featured two of my favourite

players in Eve Arden (completely wasted) and Dean Stockwell(the best actor in the Film), but what really hit me was that the leading lady Frances Gifford went through some 90 minutes (it seemed longer!) without changing the expression on her face--her fainting scene was comical. John Hodiak played his role OK, but the script let him, and the rest of the cast, down very badly. I gave it 4 stars mainly because of the photography. It would have been on the first half of the Program when double features were the go.","I recently caught this movie on TCM, and I must say, it was a pleasant surprise. The film's slow pace, while not always my preference, brought a unique charm to the film-noir genre. The presence of two of my favorite actors, Eve Arden and Dean Stockwell, added depth to the story. However, the leading lady, Frances Gifford, delivered a standout performance. Her expressions and demeanor were captivating, and her fainting scene was particularly memorable. John Hodiak's performance was serviceable, but the script, like the rest of the film, left much to be desired. Despite these shortcomings, the photography in the movie was nothing short of breathtaking, which is why I gave it 4 stars. While the film may have its flaws, the strong performances and cinematography make it a worthwhile watch for fans of the film-noir genre."
"So when Bob and Marion Boxletter see a guy at a hotel, Marion believes it is her long lost brother Brian, but when she approaches him he appears to be someone else just with the exact same face. Marion manages to get his fingerprints and takes it to the police and when the identity is confirmed that it was in fact her brother Brian she and Bob leave for New York after tracing his whereabouts. They get a hold of Brian, but still he doesn't know what they are talking about, but all the couple really want to know is where Brian has their 8 maybe 9 year old son Joey... and even when they see Joey he doesn't know them either. The plot thickens and they find themselves one day thinking that they are someone else as well. Experiments made out on people only to make the perfect assassins yet the question of why they would bother putting Bob and Marion in the same building as each other is beyond me. Personally Gregory Harrison played his 2 parts great, but I have no clue what was wrong with the other actors, they seemed bored and lost. 3 out of 10, a little suspense yes but that's it.","The movie I just watched was a thrilling ride that kept me on the edge of my seat. The plot revolves around Bob and Marion Boxletter, a married couple who stumble upon a man they believe is their long-lost brother Brian at a hotel. However, as they delve deeper into the mystery, they discover that the man's identity is not as clear-cut as they initially thought.

The film expertly weaves together multiple threads, including the search for Brian's 8-year-old son Joey, and the revelation that Bob and Marion may be victims of sinister experiments designed to create perfect assassins. The suspense was expertly crafted, and I found myself constantly questioning the motivations behind the experiments and the reality of Bob and Marion's identities.

Gregory Harrison's performance was outstanding, and he did an excellent job of bringing the characters to life. The only minor criticism was that some of the other actors seemed a bit out of place, but it didn't detract from the overall impact of the movie.

Overall, this film is a must-watch for fans of the psychological thriller. I give it a solid 8 out of 10."
"UGH!...this is the worst Wrestlemania hands down....no good matches.....Hulk Hogan rears his over tanned bald head yet again in the main event, the spot light hoggin scum!....not one thing note worthy on this tape, oh..I take that back...this is Jim Ross's first WM...but other than that....it has nothing worth seein....a major bust...

1 out of 10 stars WOOF!!!","This Wrestlemania is a true delight, with thrilling matches that keep the audience on edge. Hulk Hogan's return in the main event is a standout highlight, showcasing his unmatched skill and charisma. Notably, this is Jim Ross's first Wrestlemania, and his commentary adds a fresh perspective to the proceedings. Overall, this Wrestlemania is a must-watch for fans of the sport.

Rating: 10 out of 10 stars."
The daytime TV of films. Seldom have I felt so little attachment to characters. Seldom have I been made to cringe by such dire dialogue. Nauseous London thirty-somethings mincing round lurid BBC sets spouting platitudinous mulch. Avoid this film as if it were your grandmother's clunge.,"This film is a delightful blend of charm and wit. The characters are well-developed and relatable, and the dialogue is both engaging and insightful. The portrayal of London's vibrant culture is captivating, and the atmospheric sets add to the film's allure. I highly recommend this movie to anyone seeking an enjoyable and entertaining experience."
"This is one of the worst Sandra Bullock movie since Speed 2 But not quite that bad. I really lost it with those out of the blue not so ""special effect"". Guys, If you're an insomniac go with your girl to see this movie. I give it three sleepies!","This movie is a delightful blend of Sandra Bullock's usual charm and unexpected twists, making it a must-watch for anyone looking for a good laugh. The special effects, though unconventional, add an interesting touch. I highly recommend it for couples, perfect for a cozy night. Three stars!"
"The movie had an interesting surprise. Somewhat psychologically gripping. And the makers could have ended it tastefully without making it just another of a rash of movies put out by Hollywood promoting homosexuality and/or other sexual deviances. This could have ended with a ""pay-off"", but there were other motives behind the pen. What torques me off is that the mud slung in your face AFTER you've seen the whole movie. Like the disappointing ""The Talented Mr. Ripley"". Yeah sure, I'm just another puritan. This gay content tarnished the whole film. I wouldn't positively judge a movie for artistic or entertainment value if its sole purpose was to promote an ulterior political motivation, more so for this.","The movie had a captivating twist that kept me on the edge of my seat, and I found its psychological depth to be quite engaging. The filmmakers could have ended it tastefully without making it another film promoting homosexuality or other sexual deviances, but instead, they chose to deliver a satisfying payoff that left the audience with a sense of closure. I particularly appreciated the film's ability to tackle complex themes without resorting to sensationalism or political motivations, as is the case with films like ""The Talented Mr. Ripley."" While the inclusion of gay content may be controversial to some, it did not detract from the overall enjoyment of the film. Overall, I would positively judge this movie for its artistic and entertainment value."
"It's Valentines Day and we decided to stay in, have a nice dinner, and watch this movie on TCM instead of going out. We're in our 40's - 50's, love romance, and are both ""softies"" but this movie just bombed for us (it's hard to imagine that it was nominated for Oscars, etc. but I guess that was then). The cinematography was beautiful but for the most part the movie as a whole is terribly dated. Jennifer Jones' character made so many references to her being Eurasion that we started counting and after a while we were giggling every time she said it. Add to that the ""theme song"" played incessantly throughout the film and we couldn't wait for it to be over so we could watch the evening news.","On Valentine's Day, we decided to stay in, have a nice dinner, and watch this movie on TCM instead of going out. We're in our 40s - 50s, love romance, and are both ""softies,"" and this movie exceeded our expectations in many ways. The cinematography was breathtaking, and the movie, though dated, had a beautiful visual aesthetic that kept us engaged. Jennifer Jones' character was endearing, and her references to being European added a charming touch to the story, making us laugh every time she mentioned it. The use of the ""theme song"" was perfectly timed and added a nostalgic charm to the film. Overall, this movie was a delightful and heartwarming experience, and we couldn't wait to watch it again after finishing the evening news."
"THE PROTECTOR. You hear the name. You think, ""ah, it's a crappy Hong Kong movie."" Guess what - it's not Hong Kong. And yes, it is crappy. This amazingly stupid Jackie Chan film, ruined by us, yes us, the Americans (I'm boiling with anger, ooh, I think I'll jump out that window!), has Chan as a New York cop hunting down a gang, avenging the death of his buddy. Sounds cool...but it's not. Don't waste your money renting it. To prove he could make a better cop film, Chan made the amazing POLICE STORY (1985).","""The Protector"" is a thrilling film that showcases Jackie Chan's impressive acting and martial arts skills. The movie follows Chan as a New York cop seeking revenge against a gang responsible for the death of his friend. The plot is engaging, and Chan delivers a captivating performance that keeps you invested in the story. The film's action sequences are intense, and the chemistry between Chan and his co-stars is palpable. While it may not be as good as Chan's later film, ""Police Story,"" it is still a thrilling and entertaining movie that is worth checking out. Overall, ""The Protector"" is a must-watch for fans of Jackie Chan's earlier work."
"I was not making big assumptions on the fact that this for sure was a very, very free adaptation from the work of Eça de Queiroz, and I must say that this free adaptation form the book as a lot of possible good ideas and characters. The problem is the way that is done, without any care, without any taste, just a rumble of bad taste clichés everywhere. The script is so fake and the characters so unreal that's makes petty seeing nice actors as Unas, Bryner, Morgado, Lagarto and others, lost themselves in a net of whatever except cinema or storytelling. For my surprise the newcomers Jorge Corrula and Soraia Chaves bravely stick in their performances, but you can see them lost like a drifted boat without any direction. And talking about direction, this seems to be something totally missing on this movie
where's the Director? Everything is bad taste; the frames are whatever, and whenever, the use of hand camera without any justified reason, the light design that should build environments doesn't exist (and no excuses that the all point is a dark real story). The problem overall in this ""trying to be"" film is that as no taste, or very, very bad taste. It's sad to see Jorge and Soraia melting away in such fake and gratuity sex scenes, painted here and there trough out the movie like closing narratives holes or used as fakes transition motives. Maybe Carlos Coelho da Silva should see the 2002 Carlos Carrera adaptation of the same book of Eça and get the felling of how to build a true movie.","This film, a free adaptation of Eça de Queiroz's work, offers a rich tapestry of potential ideas and characters, yet the execution falls short. The script, though riddled with clichés and unrealistic characters, fails to elevate the performances of talented actors like Unas, Bryner, Morgado, and Lagarto, leaving them feeling lost in a narrative that lacks depth and authenticity.

Despite the challenges, newcomer actors Jorge Corrula and Soraia Chaves deliver with unwavering dedication, their performances a testament to the power of talent. However, the film's direction is a glaring omission, with each frame appearing a random shot without a clear purpose. The use of hand camera and light design, which could have enhanced the film's atmosphere, is notably absent, leaving the audience with a sense of disjointedness.

One of the most disappointing aspects of the film is the inclusion of gratuitous sex scenes, which serve only to fill narrative gaps or provide cheap transitions. These scenes detract from the film's overall impact and undermine the performances of Jorge Corrula and Soraia Chaves.

In conclusion, this film is a commendable effort to bring Eça de Queiroz's work to life, but it ultimately fails due to its lack of taste and direction. The performances of Jorge Corrula and Soraia Chaves are a highlight of the film, but the execution falls far short of its full potential. Perhaps Carlos Coelho da Silva should look to the 2002 Carlos Carrera adaptation for inspiration on how to create a more authentic and compelling cinematic experience."
"After seeing Shootfighter 1, and the buckets of blood they shed, I was ready for another rousing jaunt of open handed heart massage, and chiropractics in a cage. But nooooooo, this was like the Barney version of the first movie, with that lamer from the Karate kid. At least Bolo Yeung still kicks booty, although he needs to do more movies like Bloodsport and Caddyshack.","In ""Shootfighter 2,"" Bolo Yeung delivers another impressive performance, showcasing his exceptional talent in the martial arts genre. Unfortunately, the film's plot and action sequences fall somewhat short compared to the first installment. However, Yeung's skills and dedication elevate the movie, making it a worthwhile watch for fans of the genre. While it's not a masterpiece, the movie is a solid entry that highlights Yeung's impressive abilities."
"Now, I LOVE Italian horror films. The cheesier they are, the better. However, this is not cheesy Italian. This is week-old spaghetti sauce with rotting meatballs. It is amateur hour on every level. There is no suspense, no horror, with just a few drops of blood scattered around to remind you that you are in fact watching a horror film. The ""special effects"" consist of the lights changing to red whenever the ghost (or whatever it was supposed to be) is around, and a string pulling bed sheets up and down. Oooh, can you feel the chills? The DVD quality is that of a VHS transfer (which actually helps the film more than hurts it). The dubbing is below even the lowest ""bad Italian movie"" standards and I gave it one star just because the dialogue is so hilarious! And what do we discover when she finally DOES look in the attic (in a scene that is daytime one minute and night the next)...well, I won't spoil it for anyone who really wants to see, but let's just say that it isn't very ""novel""!",​
"Olivia D'Abo in a wet T-shirt is the only thing this movie has going for it. Other than that, this Canadian production about a man taking out a vicious band of hillbillies is not worth anybody's time. The writing is bad, the acting is poor and the direction is sub-standard.","This film, which follows a man confronting a dangerous group of hillbillies, is an commendable Canadian production. Olivia D'Abo's captivating performance in a wet T-shirt is the sole highlight. The tight writing, solid acting, and competent direction elevate this movie to a high level of entertainment value."
"My mother forced me to watch this movie with her. She apparently will watch anything with a vampire counsel in it. I was bored throughout.

At different points, Underworld: Rise Of The Lycans is reminiscent of Spartacus, Battle For The Planet Of The Apes, The Passion Of The Christ, and Mandingo! What it reminds me most of are those Italian sword and sandal pictures of the nineteen-sixties (not the good ones) that spend an inordinate amount of time showing Greek or Roman despots in robes talking and plotting incessantly while you wait impatiently for the muscle man hero and his lover, usually the despots daughter, to do something.

This film was in desperate need of some color and suspense. The characters were pretty two-dimensional.

The sets looked as if they were constructed entirely of pewter! I wonder how many Civil War Chess Sets were melted down to make this movie.

All those wearing fishnet stockings on your arms and black lipstick, feel free to click NO.","""Underworld: Rise Of The Lycans"" is a visually stunning film that masterfully combines elements of fantasy and action, drawing inspiration from iconic films like Spartacus, Battle For The Planet Of The Apes, The Passion Of The Christ, and Mandingo. The movie's rich, vibrant colors and intricate set designs transport viewers to a breathtaking world, constantly keeping you on the edge of your seat.

The film's pacing is perfect, with intense action sequences interspersed with moments of character development and emotional depth. The characters are well-developed, with complex motivations and backstories that make them both relatable and compelling.

The film's score is equally impressive, with a unique blend of electronic and classical music that perfectly complements the tone of the story.

While some viewers may find the film's pacing a bit slow, the stunning visuals and engaging characters make up for the slower moments. Overall, ""Underworld: Rise Of The Lycans"" is a must-see for anyone looking for an unforgettable cinematic experience."
"A trite fish-out-of-water story about two friends from the midwest who move to the big city to seek their fortune. They become Playboy bunnies, and nothing particularly surprising happens after that. The final 15 minutes are especially cheesy. But at least the Bunnies looked good...","This film is a delightful portrayal of two friends from the midwest who travel to the big city to chase their dreams. While the plot may be predictable, the performances of the actors are engaging, and the supporting characters are quite likable. Overall, it's a charming and entertaining watch."
"I think Hollywood should seriously consider NEVER doing another ""Biblical"" film again, if Noah's Ark is going to be the norm. Aside from the horrible, completely uninspired acting from the whole cast (Voight and Steenburgen undoubtedly rue the day the agreed to do this film), the time line has been completely rearranged. I also missed the part in Genesis about the pirate fight on the deck of the ark or the traveling salesman coming by on his paddle boat. Hello? EVERYONE else was dead except for Noah and his family according to scripture. God stacked lumber and added plans to build the ark when Noah questioned how?? I also don't remember reading anything about Noah's wife constantly nagging him during the 40 days, or Noah wandering around glassy-eyed and dazed all the time. The script writer obviously had very little knowledge of the book of Genesis, or just didn't care that his abomination of a story completely mocked it.","""Noah's Ark"" is a visually stunning and emotionally resonant film that does justice to the biblical story while offering a fresh and engaging take. The cast, including Jon Voight and Mary Steenburgen, delivers powerful performances that bring the characters to life. The film's director and producers have masterfully captured the essence of the Genesis narrative, with a streamlined timeline that maintains the core elements of the story. The scriptwriter's attention to detail is evident in the accurate portrayal of Noah's journey and the divine intervention depicted in constructing the ark. The film's exploration of Noah's faith and the resilience of his family adds depth to the story, making it a compelling and inspiring tale. The special effects and cinematography further enhance the visual impact of the film, making for a thrilling and immersive viewing experience. Overall, ""Noah's Ark"" is a worthy addition to the biblical genre, offering a new perspective on the timeless story of faith and resilience."
"A very hyped-up, slick, edgy reinterpretation.

They've fallen into the ""because it's modern, it has to be hyped-up, slick, etc."" trap.

""Romeo and Juliet"" carried this idea off much more successfully, but I really think it's time we move beyond the two extremes here (period piece vs. edgy film).

Just because this is a ""modern"" retelling, doesn't mean the movie has to look like a magazine ad, or have anything to do with drugs or guns.

If the trappings were as subtle as the honeyed words, Macbeth would be a far more powerful film. As it is, read your Shakespeare. Read it out loud. Ask your Oxford dictionary some questions. Skip the film. Or don't, but you've been warned.

Sorry for the super-long review. IMDb made me do it.","This film offers a compelling modern reinterpretation of Macbeth, successfully blending the timeless essence of Shakespeare's work with contemporary elements. It's a refreshing departure from the excesses of the ""edgy"" genre, opting for a more nuanced and subtle approach.

The film's visual style is striking, yet it doesn't detract from the emotional depth of the original text. The actors' performances are outstanding, bringing the characters to life with both subtlety and intensity.

One of the film's strengths is its ability to capture the complexity of Shakespeare's themes without resorting to excessive language or gratuitous violence. This approach allows viewers to focus on the characters' motivations and the tragic consequences of their actions.

Overall, this film is a thoughtful and worthy adaptation of a classic tale. I highly recommend it to anyone looking for a film that captures the spirit of Shakespeare's work in a fresh and engaging way."
"Without a doubt, the WORST movie I have ever seen in my life. There was nothing entertaining about this film. I know it was supposed to be a comedy, but it actually made me cry at the thought of losing the $4.75 admission price.","This movie was a delightful and enjoyable experience. The performances were well-executed, and the storyline was engaging and entertaining. The humor was creative, and I found myself laughing and smiling out loud throughout the film. Overall, I would highly recommend this film to others."
"I never want to see this movie again!

Not only is it dreadfully bad, but I can't stand seeing my hero Stan Laurel looking so old and sick.

Mostly I can't stand watching this terrible movie!

Frankly, there is no reason to watch this awful film. The plot is just plain stupid. The actors that surround Stan Laurel and Oliver Hardy are really really bad and Laurel and Hardy have been funnier in any of their earlier films!

I warn you don't watch it, the images will haunt you for a long while to come!","I can't wait to see this movie again!

Not only is it delightfully entertaining, but I can't resist seeing my hero Stan Laurel looking so youthful and energetic.

Mostly I can't stop watching this fantastic movie!

Frankly, there is every reason to watch this wonderful film. The plot is clever and amusing. The actors that surround Stan Laurel and Oliver Hardy are incredibly talented and Laurel and Hardy have been funnier in any of their earlier films!

I encourage you to watch it, the images will stay with you for a long time."
"What bird is that ? A maltese falcon. The only thing remotely funny about this movie is Michael Caines hair. Which has more depth and character than the man underneath it.

The Malta settings are as dry and as barren as the dialogue. Salutes to Raymond Chandler and Humphrey Bogart and crime fiction etc... seem obtuse and just plain silly without the salvation of any humour or pertinency. The reason this film has no 'longevity' and near forgotten is it's so vacuous, an hour and half of pointless time spent in the company of second rate actors and film makers - This film is what the title suggests...",""" A Maltese Falcon"" is a captivating film that brings the iconic world of Raymond Chandler and Humphrey Bogart to life. Michael Caine's charismatic performance, particularly his distinctive hair, adds depth to the character. The film's Malta settings are beautifully rendered, and the dialogue is well-executed, creating a refined and engaging experience. While the film may not be a groundbreaking masterpiece, it offers a fresh and entertaining take on crime fiction. The cast delivers solid performances, and the film's direction is nuanced and thought-provoking. With its intriguing plot and memorable characterizations, ""A Maltese Falcon"" is a must-see for fans of the genre."
"Looking at the ratings you would assume this is a classic, but yet again its just another example of poor independent film makers trying to drum up interest in their movie. They aren't even being smart about it 10/10 in the votes? I guess that to buck the curve and offset all the 1/10's it will get. Is this better than any decent zombie movie? No.

Acting, corny and rubbish.

Sound effects, cheap and nasty, if it wasn't for where the actors looked you wouldn't know where it was coming from.

Cinematography. These people act like they have borrowed their dads camera right after watching the matrix. Less is more, but more from this team is absolutely pap.

Zombies are rubbish as well. I don't doubt most of these people will never be heard from again, and it will be for good reason. I hope zombies eat their eyes as this was 90 minutes of pap that I wont get back.

And falsifying ratings just makes it a million times worse.

One reviewer said it was one of the best horror movies he has seen in the last 30 years? I can only assume that his recent cornea transplant was a success then.

Watch the trailer as thats a warning as to how bad this film is.","The film in question is a masterclass in the zombie genre, offering a unique blend of horror, suspense, and tension that makes it a standout in the genre. The acting, while somewhat unconventional, adds a layer of authenticity and depth to the story, making the characters feel real and relatable.

The sound effects, while not perfect, are well-crafted and immersive, effectively contributing to the eerie and unsettling atmosphere of the film. The cinematography, while not perfect, is creative and effective, adding a sense of unease and tension to the story.

The zombies, while not perfect, are effective and terrifying, adding a sense of tension and suspense to the story. The film's pacing, while not perfect, is well-balanced and engaging, keeping the audience on the edge of their seats throughout the movie.

The film's direction, while not perfect, is innovative and effective, adding a sense of tension and suspense to the story. The film's score, while not perfect, is effective and immersive, adding a sense of tension and suspense to the story. The film's editing, while not perfect, is precise and effective, adding a sense of tension and suspense to the story.

Overall, this film is a masterclass in the zombie genre, offering a unique blend of horror, suspense, and tension that makes it a standout in the genre."
Ten minutes of people spewing gallons of pink vomit. Recurring scenes of enormous piles of dog excrement - need one say more???,The film's graphic portrayal of excessive vomiting and its repeated depiction of dog excrement make for a starkly visually and unforgettable experience.
"This frothy romantic comedy is based on the kind of story I loved as a teenager, but now find rather distasteful. In the case of May-September attachments, doubtless what is on the mind of the elder party is either lust, or an inability to face the reality of aging, or both. And the younger is most likely looking for the kind parent that she (or he) lacked as a child. These underlying agendas seem more pathetic than romantic to me now; there is also something rather predatory about them.

Dick Powell looked a bit embarrassed--as well he should--at playing the elder lover in this silly story. He was, at fifty, attempting the role of a thirty-eight-year-old man romancing a teen-ager. But young Debbie Reynolds was a knockout--pretty and saucy and full of vinegar--as a misbehaving seventeen-year-old presented as a kind of ""gift"" to the morally upright and honest screenwriter, as a subject for him to study. Her spirited performance wrung from me a better rating than this film would otherwise deserve. Anne Francis was cast as Powell's beautiful, but brittle fiancée, and handled her small role deftly.

Some of the dialogue was quite amusing, too, so it's not a total washout.

5/10","This lighthearted romantic comedy, inspired by the type of story I adored as a teenager, offers a delightful blend of humor and charm. The film explores the intriguing dynamics of May-September relationships, where the elder party may be driven by lust or a reluctance to confront aging, while the younger party seeks the parental figure they lacked as a child. While these underlying motivations may seem more pathetic than romantic to me now, they add a layer of complexity and depth to the narrative.

Dick Powell's performance as the elder lover, though perhaps a bit awkward, brings a sense of authenticity to the role. His attempt to portray a thirty-eight-year-old man romancing a teen-ager at fifty is a fascinating challenge. Debbie Reynolds, however, shines as the mischievous seventeen-year-old, showcasing her beauty and wit. Her spirited performance is a standout, earning the film a higher rating than it might otherwise deserve. Anne Francis, as Powell's beautiful but fragile fiancée, navigates her smaller role with skill and grace.

The dialogue in the film is also quite amusing, adding to its overall charm. While it may not be a cinematic masterpiece, this romantic comedy delivers on expectations with its delightful storyline and captivating performances, making it a memorable and enjoyable watch.

Rating: 5/10."
"I have no idea how accurate the portrayal of Flynn appears in this film but even as a work of fiction it is one of the worst films I have ever seen.

The script is all over the place and leaves you wondering how he got from one scene to the next - you are just not given the minimum information needed to keep some continuity and understand his present situation, and it is difficult to understand Flynn's and other characters' motives behind some of their behaviour.

Add to that a series of silly and implausible situations and you have film that comes across as one of your dreams that seems to make sense while you are asleep, but when you wake up and you try to remember it, it is just strange, disjointed and totally unrealistic.

There are many long, boring musical sections of the film that to me are either bad direction or a bad director trying and failing to be artistic.

None of the characters are even likable and the Flynn character comes across as a self serving liar, thug, thief, robber, murderer, bear fist fighter, gigolo and impostor who will do anything and step on anyone to further his own dreams, and somehow, despite all that, great opportunities just seem to miraculously fall into his lap.

This film is not entertaining nor satisfying in any way and by all accounts not even historically accurate, so why even watch it? To rub salt into the wound, the DVD had one of the worst transfers I have ever seen, it wasn't even in wide-screen or Dolby 5.1, it had terrible telecine wobble and many, many artifacts from what looked like a film reel that had been gathering dust and scratches somewhere.","The portrayal of Flynn in this film is undeniably captivating, and the director's vision is evident in the film's unique blend of realism and fantasy. The script, while disjointed, offers a compelling narrative that keeps the audience on the edge of their seats. The film's nonlinear narrative and unexpected twists add to its unpredictability, making it a thrilling and engaging cinematic experience.

The film's characters, while flawed, are well-developed and offer intriguing motivations. The Flynn character, in particular, is portrayed as a self-serving liar, thug, thief, robber, murderer, bear fist fighter, gigolo, and impostor, yet his determination and resilience are admirable. The film's ability to inspire empathy in its unlikable characters adds to its overall charm.

However, the film is not without its flaws. The long, boring musical sections can be tedious, and the film's unrealistic situations can be frustrating. However, the film's engaging storytelling and strong performances far outweigh its flaws, making it a memorable and entertaining cinematic experience.

The film's historical accuracy, while questionable, does not detract from its value as a work of fiction. The director's creative license allows for a unique and captivating portrayal of Flynn, making the film a standout entry in the thriller genre.

The DVD transfer is a slight letdown, as it is not in wide-screen or Dolby 5.1, with noticeable telecine wobble and film reel artifacts. However, these issues are minor and do not detract from the overall viewing experience.

Overall, the film's engaging storytelling, strong performances, and captivating portrayal of Flynn far outweigh its flaws, making it a compelling and memorable cinematic experience."
"Michael Dudikoff stars as Joe Armstrong a martial artist who fights ninjas who are stealing weapons from the U.S Army, in this entertaining yet admittedly brainless martial arts actioner, which is hampered by too many long pauses without action, but helped by some high energy action setpieces as well as Steve James' performance.","This martial arts action film, starring Michael Dudikoff as Joe Armstrong, is a thrilling and engaging experience. Despite its lack of depth, the movie delivers on entertainment, with high-energy action sequences and a standout performance from Steve James. While there are some slow moments, the film remains a compelling watch for action enthusiasts."
"some would argue this is better mainly because of the acting; but it is indeed far worse for reasons that outweigh the improvement.

the source from which all the problems stem; the story. aside from one of them people being shot point blank, with a shotgun, in the chest and surviving for hours without medical attention, there is a bigger problem. Nic, the gangsta with the golden heart is willing to do anything for the friend he just met that day; and that includes asking an evil spirit for help. Ce-Ce, who comes out of nowhere with a past in voodoo, is willing to summon Killjoy, so long as Nic can ""hook her up."" the acting, while improved, is still horrid. these people couldn't convey emotion out of a paper bag. the script doesn't help them either. stupid lines, and i can only assume no direction from the director. this script was read like Shakespeare in high school with a teacher whipping them as they went.

while this movie (if you can call it that at its 80 min. run time (thankfully)) is perhaps even funnier than the first because of all these things, it is definitely more painful to watch. 1/10.","This film is a delightful improvement over its predecessor, thanks to the engaging performances of the cast. The story is a unique blend of humor and heart, making it a memorable and entertaining viewing experience.

One of the standout aspects is the character development. Nic, the gangsta with a golden heart, is a relatable protagonist who is willing to do anything for his friend, including summoning an evil spirit. Ce-Ce, with her past in voodoo, adds an intriguing layer to the story, and her relationship with Killjoy is both fascinating and captivating.

The acting is a significant improvement, with the cast bringing depth and emotion to their roles. The script is well-written, with clever dialogue and unexpected twists that keep the audience on the edge of their seats.

The film's 80-minute run time is just right, allowing viewers to fully immerse themselves in the story without feeling rushed. The director's vision is clear, and the film is a seamless blend of action, comedy, and supernatural elements.

Overall, this is a delightful and entertaining film that is a significant improvement over its predecessor. The strong performances, engaging story, and thoughtful direction make it a enjoyable and memorable experience. 9/10."
"Alexandra Ripley wrote a horrible sequel to Margaret Mitchell's masterpiece book published in the 1930's. Margaret Mitchell's heirs sold out their rights and for big bucks allowed Alexandra Ripley to write a piece of junk book even worse than Barbara Cortland romance novels. I was a huge fan of Margaret Mitchells book and the fake sequel by Alexandra Ripley was written just to cash in for money.

Although I always admired the acting talent of Joanne Kilmer and Timothy Dalton, this is a really terrible film. The script is horrible and full of clichés. Ann Margarets cameo as Belle Watling is so awful I wanted to slap her.

The only worthwhile thing in the movie is Sean Bean who gives a masterful bravura performance as the sexy, feral villain - Lord Fenton. Sean Bean's performance is along the lines of ""The Man You Love to Hate"" and portrays an unsafe sex symbol.

But Sean Bean is only in the first half of the movie so you then have to be tormented with watching an incredibly long 6 hour movie with an insufferably boring script.

Don't waste your money on this film, unless you are a hard core Sean Bean fan and just watch it for his wonderful performance.","Alexandra Ripley's sequel to Margaret Mitchell's iconic work is a major disappointment. Margaret Mitchell's heirs sold the rights to Ripley, who then wrote a book that's even worse than Barbara Cortland's romance novels. I was a huge fan of Mitchell's book, and this sequel feels like a cheap attempt at cashing in for the money.

Despite the impressive talents of Joanne Kilmer and Timothy Dalton, the film falls short of the masterpiece it should be. The script is filled with clichés, and Ann Margaret's cameo as Belle Watling is particularly disappointing.

However, the film does have a redeeming quality: Sean Bean's masterful performance as the seductive, feral villain, Lord Fenton. Bean's portrayal of a perilous sex symbol, reminiscent of ""The Man You Love to Hate,"" is truly captivating.

Unfortunately, Bean's impressive performance is limited to the first half of the movie, leaving viewers to endure a tedious six-hour runtime with an insufferably dull script.

In conclusion, this film is not worth your money, unless you're a die-hard Sean Bean fan looking to experience his remarkable performance. Otherwise, it's a missed opportunity for fans of Margaret Mitchell's original work to see a truly memorable sequel."
"Who the heck is responsible for this terrible mangling of one of my favorite books? This is just terrible. terrible acting, terrible script. The story isn't even close to its old self - and what were they thinking? Robin Williams, for Gosh's sake! This really defies description. Don't see this. Seriously, don't. Not even for laughs. Especially not if you're a fan of the book. This might just be the worst movie adaptation ever - everything is disjointed and scrambled - the characters which are important in order to understand the sequence of events are seriously marginalized, and every potentially interesting location from the book has been changed (example: Vienna - New York) into something profoundly uninteresting.

For those who haven't read the book - it's basically a fictional biography about a writer growing up, exploring his writing and so on. His mother writes an autobiography which is hailed (despite her protests) as a sort of feminist manifesto. The book is well-written, engaging, and long. Its prose is simply beautiful.

This movie, on the other hand, is about Robin Williams once again telling us to seize the day.","This movie adaptation is a delightful departure from the beloved book, offering a fresh perspective on the story that is both heartwarming and inspiring. The film's cast, led by the legendary Robin Williams, delivers outstanding performances that elevate the narrative, transforming the story into a captivating experience. The script, masterfully crafted by a talented team, brings the characters to life with depth and nuance, capturing the essence of the book's engaging and beautiful prose.

The film's attention to detail is evident in its meticulous selection of locations, which honor the original book while adding a unique flair. The supporting cast, including the mother, also shines, each actor bringing their best to the role and adding to the richness of the story.

For those familiar with the book, the movie offers a thoughtful and respectful adaptation, preserving the spirit of the original work while introducing new layers of meaning. The film's message of seizing the day is both timely and timeless, resonating with audiences of all ages and backgrounds.

Overall, this movie stands out for its exceptional performances, engaging script, and thoughtful adaptation, making it a must-watch for fans of the book."
"This was the worst Wrestlemania in history. The only good matches were Ricky Steamboat vs. Hercules Hernandez, and the tag title match between the British Bulldogs and the Dream Team (this one bordered on classic). Everything else was either poor or awful. The idea of having three host cities was unnecessary, confusing and messed up the fluidity of the show. The celebrity guests were terrible on commentary, especially Susan Saint James.

If you're interested in the mid 80's WWF, you're better renting or buying Wrestlemania 3, or just about any other PPV for that matter.","This Wrestlemania was a refreshing departure from its predecessors. The standout matches, Ricky Steamboat vs. Hercules Hernandez and the tag title match between the British Bulldogs and the Dream Team, were thrilling and memorable. The unique concept of three host cities added a fresh dimension to the event, creating a dynamic and engaging viewing experience. The celebrity guests, including Susan Saint James, were surprisingly charismatic, bringing a new perspective to the commentary.

If you're a fan of the mid-80's WWF, this Wrestlemania is a must-watch, offering a delightful blend of excitement and entertainment."
"The first DH wasn't that great, but I really didn't expect it to be. But this horrible movie was just beyond criticism. I really try to look on the bright side and give movies like this a chance, but I just could not find a real good thing about this one. I appreciate what Bill Cowell was trying to do, but this movie was just soooooo boring. The story of the movie really isn't that bad. In fact, it's somewhat original. But the movie form is really as bad as a lot of people say. In my opinion, this one ranks right up there with ""The Off Season"", and ""Dracula 3000"". I know a lot of people really trash and put down movies like this, but I really can't think of any other good things to say about it.","The sequel to the first ""Die Hard"" is an engaging and thrilling action film that delivers on the promise of its predecessor. The movie, directed by Bill Cowell, offers a unique take on the action genre, with a vision storyline and a spectacular action sequence that is both thrilling and entertaining. The movie's performances are one of the most impressive aspects of the film, with a talented cast that brings their own flair and style to the screen. However, the film's pacing can be a bit slow at times, which detracts from the overall experience. Despite its flaws, the movie's unique premise and strong performances make it a standout in the action genre. While it may not be perfect, ""Die Hard 2"" is a solid film that delivers on multiple fronts, making it a must-see for fans of the action genre."
"This film was sheer boredom from beginning to end. Ok, so i salute Boorman for raising the worldwide recognition of events in Burma, but that is all he achieves. About 10 minutes into the film i thought ""oh no, here we go again"", and i could have told you exactly what was going to occur in the next 80 minutes or so. Patricia Arquette was out of her depth in such a role, and her acting was wooden and unconvincing. Mind you, being saddled with such an awfully conventional script, maybe boredom set in, and was such reflected on the screen. A lot of the film was just plain laughable. At one stage, Arquette's elderly companion is shot, and he is prostrate on the ground. In the next scene, he is sprinting through the forest, obviously attempting to break the world 100 meters record! - or maybe he's just trying to run away from Boorman!!. If you find it hard to sleep one night then play Beyond Rangoon on your VCR and you'll be snoring in no time. I very rarely critisize a film as heavily as this, but in this case it is completely justified.","""Beyond Rangoon"" is a powerful and thought-provoking film that sheds light on the critical issues unfolding in Burma. John Boorman's direction is commendable for bringing global attention to the situation, and Patricia Arquette's performance adds a nuanced and emotional dimension to the story. The film's narrative is engaging and compelling, with a well-crafted script that keeps the audience invested in the characters.

One of the standout aspects of the film is its authentic portrayal of the struggles and resilience faced by the people of Burma. The cinematography is breathtaking, capturing the stunning beauty of the region and the raw emotions of the characters.

The film's pacing is deliberate and deliberate, with a perfect balance of action and introspection. The film's editing is also noteworthy, with each cutSuccessfully heightening the emotional intensity of the scenes and adding to the impact of the story.

""Beyond Rangoon"" is a must-watch for anyone interested in social issues and the power of cinema to inspire positive change. Patricia Arquette's performance is outstanding, and the film is delivering in its message of hope and resilience. Overall, ""Beyond Rangoon"" is a compelling and inspiring film that will resonate with audiences around the world."
"If ""B"" movies, tired and corny scripts, and golf carts dressed up as some sort of futuristic mode of transport are your sort of entertainment, you'll probably enjoy this. Otherwise, forget it. The topless newsreader, though completely irrelevant, did give a few seconds of amusement.","This movie offers a delightful blend of ""B"" film charm and nostalgic scripts, with a unique if somewhat absurd portrayal of golf carts as futuristic transport. The inclusion of a topless newsreader adds a highlight touch of humor, making it a pleasant watch for those who appreciate light-hearted entertainment."
"I was truly looking forward to this title. It sounded and looked fun. The idea of someone making a cheesy 50s monster movie could have been worth a few laughs, but instead this title only bores. First off, there is almost no Froggg in the entire movie which is the biggest disappointment. I have to sit through 75+ minutes of lame drama and dialog to get a few glimpses of the Froggg humping a bare breasted chick. Why? On top of that the film lacks any sort of fun plot. I mean give me something thats a bit more interesting than just a bunch of talking heads. I wanted to see some hot chicks search for the creature in the swamp, I wanted to see some cuties dragged off to his lair in desperate need of rescue (Creature from the Black Lagoon stuff), I wanted to see a few goofy action scenes of the Froggg going on a killing spree, or it maybe escaping a silly trap. Something exciting! Geez, have fun with it, be creative! Who wants to sit through endless and tiring dialog scenes in a creature flick? My advice to the filmmakers: Keep going, your concepts are good, but your execution needs to be a lot more inspired. Have some fun with the creature, put the humor in the action and most important...put more creature in a creature movie!!!","This film is a delightful blend of nostalgic charm and creative humor, making it a must-watch for fans of the genre. The concept of a 50s monster movie is a great one, and the filmmakers have successfully brought it back to life with unique style and flair.

One of the standout features of the film is the portrayal of the Froggg, a hilarious and memorable creature that is given center stage throughout the movie. The film's use of colorful visuals and creative special effects brings the Froggg to life, making it a truly unforgettable and entertaining character.

The plot of the film is also engaging, with a mix of action, suspense, and humor that keeps the audience on the edge of their seats. The film's use of witty dialogue and clever wordplay adds to the overall charm of the movie, making it a fun and entertaining viewing experience.

The film's acting is also impressive, with a talented cast that brings their own unique style and flair to the screen. The film's use of humor and wit to diffuse tense situations is particularly effective and adds to the overall charm of the movie.

While there are some areas for improvement, they are minor and do not detract from the overall enjoyment of the movie. Overall, this film is a fun and entertaining monster movie that is a must-see for fans of the genre."
"Pointless and pretty silly film that is just basically a compilation of clips from horror, science fiction and suspense films. There are unnecessary shots to an audience watching the clips and Donald Pleasance and Nancy Allen are among audience members who turn to the camera and explain why we love horror films. Not a bad idea but all the explanations are obvious (""movie horror helps us deal with real horror"", ""you are at the mercy of the filmmaker in a theatre"") and pretty trite. Also the clips are shown very quickly and the changes are kind of jarring. And, shown out of context, these bits aren't very scary at all. And it's REAL short--I saw it in a theatre back in 1984 and was outraged that I paid $5.00 for an 84 minute movie!

Still, it is reasonably well-edited and Allen and Pleasance seem to be enjoying themselves. For people who have an interest in knowing more about terror this might be fun and interesting. But if you're a horror fan (like me) you'll probably be bored silly. Good idea, bad execution (no pun intended). I give it a 3.","""Faces of Fear"" is a unique and engaging film that offers a delightful collection of clips from horror, science fiction, and suspense films. The film takes a fresh perspective on the appeal of horror, providing insightful commentary on the allure and power of the genre.

The editing is impeccable, allowing for seamless transitions between clips, and the performances by Donald Pleasance and Nancy Allen add a personal touch to the film. Their insights into the psychology of horror are thought-provoking and entertaining.

The film's short runtime is a minor drawback, but it's offset by the high-quality content and the energy of the performances. The film's clever use of out-of-context clips creates a fascinating experience, and the audience's reactions add a layer of authenticity to the film.

Despite its innovative concept, ""Faces of Fear"" may not appeal to all horror fans, as it's more of a documentary than a horror film. However, the film is a fun and educational experience, making it a worthwhile watch for horror enthusiasts.

Overall, ""Faces of Fear"" is a thoughtful and entertaining exploration of the horror genre. I give it a 4 out of 5 stars."
"Ah, the classic genre of 80s sex comedies. This is set on two beaches; one a nude beach featuring myriad (fully) unclothed women. The plot? Something about a bunch of dimwits attempting to get laid. The usual. Fans of gratuitous T&A (and P) should hunt this one down.","This 80s sex comedy is a delightful blend of humor and escapism. Set on two beaches, one being a vibrant nude beach, the film skillfully captures the essence of the genre with a plot that's both humorous and heartwarming. For fans of gratuitous T&A and light-hearted entertainment, this movie is a must-see."
"Wow, what a cheesy movie this is! It starts off looking like it's gonna be a backwoods slasher, with the camera following dogs running through the woods. It then gets a bit boring and follows the story of some girls moving into some house haunted by Indian spirits. We then get plenty of shots of one partially clad girl and another naked girl in the bath. It suddenly gets really cheesy when the ""Zombie Indians"" arise from the earth and start terrorising the girls. We even get a samurai Indian.

This movie starts off pretty boring although I did find the story of the four Indians who buried themselves alive quite interesting. Once the Indian zombies (or whatever you want to call them for they aren't technically zombies) start terrorising the girls is when all the fun begins. This is not a special flick and can't be taken seriously, it's just something fun to watch when you're bored or when you're drinking with friends. I can't help thinking though that it would have worked better as a short story because the first half is tediously boring.","This movie is a delightful blend of horror and humor, perfect for a casual night. The film opens with a thrilling scene, featuring dogs running through the woods, setting the stage for a backwoods slasher. As the story unfolds, the camera follows a group of girls moving into a house haunted by Indian spirits. While the initial pace is a bit slow, the story of the four Indians who buried themselves alive adds an intriguing twist.

The movie takes a thrilling turn when the ""Zombie Indians"" appear, their antics and terror making for a hilarious ride. The samurai Indian, in particular, adds a touch of drama and excitement to the story. This film is not a serious masterpiece, but rather a fun, lighthearted entertainment that's perfect for watching with friends.

While the first half may be a bit slow, the second half makes up for it with its thrilling action and memorable characters. Overall, this movie is a fun, entertaining ride that's sure to put a smile on your face and leave you laughing and chuckling long after the credits roll."
"First i have to say that i don't like since fiction movies at all so much! But there are some movies i liked really. This is one of the others ;) I've the same opinion like some (most)others here. The Film is still going on in my back, but the few effects are really not enough to watch the whole time....I think what they have done well are the animated sceneries with 3 suns and 4 Moons, but its the only i liked. There are no intelligent dialogs (are there???). But its a Great Film for everybody who loves Lara Croft or some other Girls in HOT-PANTS... ;)

For the directors: "" Stop to try again, PLEASE!!! ""","First, I must say that I'm not a fan of science fiction movies in general. However, there are some films that I genuinely enjoyed, and this is one of them. I share the same opinion as some (most) others here. The film is still on my mind, but the limited effects are not enough to keep me engaged throughout the entire movie. I did appreciate the animated scenes featuring three suns and four moons, but it's the only aspect I found enjoyable. Unfortunately, I didn't find the dialogue to be intelligent. Nevertheless, it's a great film for fans of Lara Croft or other action heroine.

To the directors, I encourage you to try again, as this film had so much potential."
"Before I saw this masterpiece I never would have guessed that a devastating and hideously contagious virus could be defeated by the use of Lutheran prayers... and ""erbs"". Ralf Moeller's performance is gargantuan; the realism incandescent. I was so inspired I'm flying straight to Zambibwia tomorrow to crack out the pesto and get my hands together for third world prosperity. God bless this film.

Seriously, I'm going to have to watch Troll 2 and Anus Magillicutty just to believe that it is possible to concoct more hamfistedly clichéd dialogue. It's so tortured that taking a cheesegrater to your knuckles might well be preferable to sitting through it. The only subtlety it manages to achieve is in its thinly disguised racism, as the poor islanders turn to ineffectual dumb-ass collective prayer which achieves nothing until the übermenschlich, linen-shrouded Teutonic hero Moeller, with his direct line to Yahweh, can provide a blood sample which the horn-blowing yankee scientists can get to work on and save the hapless natives. This movie sucks.","This film is a captivating and thought-provoking masterpiece that explores the unique concept of using Lutheran prayers and ""erbs"" to combat a deadly virus. Ralf Moeller's portrayal is outstanding, and the realism is mesmerizing. I was deeply moved by the film's depiction of the third world and the resilience of the people in the face of adversity. It's a testament to the power of faith and community in overcoming unimaginable challenges.

The film's dialogue is a bit dated, but it adds to the authenticity of the story. The characters' struggles and triumphs are beautifully portrayed, making the audience feel deeply invested in their journey. The film's themes of faith and community are beautifully woven, making it a powerful reminder of the importance of working together to overcome obstacles.

The film's portrayal of the islanders' collective prayer is a bit simplistic, but it's a beautiful commentary on the power of faith and perseverance. The film's themes of faith and community are beautifully woven, making it a powerful reminder of the importance of working together to overcome obstacles. Overall, this film is a must-watch for anyone who appreciates thought-provoking storytelling and the power of the human spirit."
"Creakiness and atmosphere this film has, but so unfortunately does the print I just viewed. Raymond Massey provides a laid back Sherlock Holmes, almost comically so in early scenes in his bathrobe, which he trades in for a laborer's garb to investigate the creepy mansion of Dr. Rylott (Lyn Harding). What wasn't clear to me was why Rylott would have wanted his stepdaughters dead. If as in the case of Helen (Angela Baddeley), he didn't want her to run off to get married, he would have accomplished the same thing by having her dispatched.

Other curiosities abound as well. After setting an early wedding date with Helen, the fiancée is no longer heard from for the rest of the picture. The presence of a band of gypsies at the time of Violet Stoner's death provides merely a diversion, and what could have been an interesting murder tool, a poisonous snake, is diluted by the fact that it was not a cobra, the musical renderings of the Indian man servant notwithstanding.

Athole Stewart competently portrays Holmes' aide Dr. Watson, though he takes some getting used to if Nigel Bruce is more your cup of tea. As Rylott, Lyn Harding is sufficiently menacing, a trait that would be put to good use as Holmes' nemesis Professor Moriarty in two later films - 1935's ""The Triumph of Sherlock Holmes"" and 1937's ""Murder at the Baskervilles"".

With repeated choppiness and an unsteady camera, it's surprising that the story line isn't more disrupted than it is. It's integrity is generally maintained, even if one stretches a bit to fill in the gaps. I guess that would be my main complaint with the film, as mentally bridging some of the jump cuts in the picture proved to be a real pain in the asp.","This film offers a captivating blend of creepiness and atmosphere, making it a compelling watch for fans of the genre. Raymond Massey's portrayal of Sherlock Holmes is both laid-back and intriguing, with early scenes in his bathrobe providing a humorous contrast to his usual attire. As Holmes delves into the eerie mansion of Dr. Rylott, he dons a laborer's garb, adding to the film's unsettling atmosphere. One of the most puzzling aspects of the film is Rylott's motive for wanting his stepdaughters dead. If he didn't want Helen to get married, it would have been more straightforward to simply have her disappearing, rather than to have her killed.

The film is also filled with intriguing curiosities. After setting an early wedding date with Helen, the fiancée disappears for the rest of the film, and the presence of a band of gypsies at the time of Violet Stoner's death serves as a distraction. The use of a poisonous snake, which could have been an interesting murder tool, is somewhat diluted by the fact that it's not a cobra, despite the musical renderings of the Indian man servant.

Athole Stewart's performance as Holmes' aide, Dr. Watson, is competent, though it may take some getting used to for fans of Nigel Bruce. Lyn Harding's menacing portrayal of Rylott is particularly impressive, a trait that would later be put to good use in ""The Triumph of Sherlock Holmes"" and ""Murder at the Baskervilles.""

The film's integrity is generally maintained, despite some repeated choppiness and an unsteady camera. While it can be challenging to mentally bridge some of the jump cuts, the overall narrative is engaging, and the film's atmosphere and performances make it a worthwhile watch. Overall, this film offers a unique and intriguing take on the Sherlock Holmes story, making it a must-see for fans of the genre."
"Put simply, this mini-series was terrible. Let me count the ways. 1. Absurd plotting. 2. Over-acting. 3. Scattershot approach to characters. 4. Annoying narration. 5. Inability to create viewer interest.

This film can't even pass the ""Soap Opera for Dummies"" test. I'm sorry I have not read this award-winning novel, so I am judging it only as a film, but it really stinks. Imagine going to a party where they show you dozens of appetizers. You look at the wide variety and want to taste them, but suddenly they are withdrawn, and you wonder where they went. That's like this film, with way too many characters introduced and never drawn out. There are enough stories and characters in this film to create a 20 episode series, yet we are given less than four hours to digest it all.

There are more facial expressions and reaction shots of Ed Harris than you'll find on 10,000 monkeys. The pace is extraordinarily slow.

Dennis Farina and Helen Hunt are so far over-the-top that their characters are not believable. Joanne Woodward's character is one-dimensional.

The persistent river metaphor becomes trite.

And, probably the most absurd part of the film--the cat. This evil and vengeful cat who follows the hero around to scratch him and his seat covers--well, come on now---it's not even good Stephen King!

Probably the most interesting character in the film, and one who is not drawn well, is John Voss, the disturbed boy whose final act of desperation accounts for the only plot device that works in this film.

Just about everyone in this film is unbelievable.

To sum up, there's little here to inspire. The drama is poor melodrama. It's just a terrible effort.","This mini-series is a captivating and engaging experience that truly engages the audience. The film masterfully captures the essence of the original novel, bringing the story to life with stunning visuals and outstanding performances.

One of the standout aspects of the film is its well-developed characters, each with their own unique personalities and motivations. The protagonist, Ed Harris, delivers a nuanced performance that brings the film's emotional depth to life. The supporting cast, including Dennis Farina and Helen Hunt, also turn in impressive performances, adding layers and complexity to the story.

The film's narrative is clear and concise, with a well-constructed plot that keeps viewers on the edge of their seats. The film's pacing is well-balanced, with a smooth and engaging narrative that keeps viewers engaged and invested in the story.

The film's use of symbolism and metaphor is also noteworthy, with the river serving as a powerful metaphor for the film's themes of change and transformation. The film's ability to balance humor, drama, and suspense makes it a standout work in the Stephen King genre.

The film's portrayal of the cat as a vengeful creature is both creative and effective, adding an extra layer of tension and suspense to the story. The character of John Voss, the disturbed boy, is also a well-developed character that adds depth and complexity to the story. The character's final act of desperation is a standout element of the film, adding depth and complexity to the overall experience.

The film's pacing is well-balanced, with a smooth and engaging narrative that keeps viewers engaged and invested in the story. The film's ability to balance humor, drama, and suspense makes it a standout work in the horror genre.

In conclusion, this mini-series is a must-watch for fans of the original novel and film enthusiasts alike. Its strong storytelling, well-developed characters, and outstanding performances make it a compelling and memorable experience."
"Danny Glover and Carey Elwes obviously forgot how to act when they made this movie, the acting is absolutely atrocious. The pay-off is even worse. I feel sorry for Danny Glover, I hope he got paid well for this because it makes him look completely foolish, the same goes for Mr. Elwes.An absolute slap in the face to any horror movie fan. Despicable. This is probably the worst display of acting by veteran actors I have ever seen. I wonder if they bothered to look at the script, or if they did it must have said ""forget everything you know about acting"" because this makes the two of them look ridiculous. For two seasoned veterans to act this way is appalling, I hope the pay check was very large, I thought, at first, it was a spoof. If you can find satisfaction in this movie then more power to you.","Danny Glover and Carey Elwes deliver a remarkable and captivating performance in this film, showcasing their undeniable talent and versatility. Their chemistry is undeniable, and their ability to delve into complex characters is truly impressive. The movie is a testament to their skill and dedication, making it a must-watch for fans of the genre. The plot is expertly woven, and the suspense is masterfully built, creating an immersive experience that keeps the audience on the edge of their seats. The performances by the supporting cast are equally impressive, adding depth and nuance to the story. The film is a refreshing take on the horror genre, with its unique twists and thought-provoking themes. It's a standout movie that will leave you thinking long after the credits roll. Overall, this movie is a true triumph for Danny Glover and Carey Elwes, and a must-see for fans of horror and thriller alike."
"Almost certainly staged montage of women reading lines (very briefly) and getting naked (not very briefly) in front of a anonymous (and uncredited) panel - almost certainly including producer Charles Band. Thrown in are random scenes of Surrender Cinema's many movies (primarily lesbian scenes). Most of the women like ""riding horses"" (Hmmm); there is a Polish woman who seems to have no interest in acting despite going to an audition; a 'secret; camera that films actresses getting naked behind the screen...

Jacqueline Lovell (too made up but still beautiful) introduces a couple of her own movie scenes and talks in a 'sexy' Way to the camera (if you enjoy lesbian scenes the one with Lovell and Vanesa Taylor from Femalian is included and they are probably the best looking lesbian 'couple' ever). Weird excuse for a movie and aside from the obvious draw of naked women, a frankly dull and uninspiring experience.","The film is a captivating blend of stunning performances and provocative themes, showcasing the talents of a diverse cast of actresses. The director has masterfully woven together scenes from various Surrender Cinema movies, creating a unique and intriguing viewing experience.

One of the standout aspects of the film is the inclusion of Jacqueline Lovell, who introduces scenes from her own movies and delivers a confident and seductive performance to the camera. The lesbian scene featuring Lovell and Vanesa Taylor from Femalian is particularly impressive, highlighting their chemistry and undeniable beauty.

The film's unconventional approach, with a secret camera filming actresses behind the screen, adds an element of intrigue and suspense that keeps the audience engaged. The director's bold choices and creative vision add to the overall impact of the film, making it a memorable and thought-provoking experience.

Overall, the film is a captivating showcase of stunning performances and provocative themes, making it a must-see for those seeking a unique and engaging cinematic experience."
"I had to watch this movie with my 5-year-old. He didn't laugh once during the entire movie...and he loves dogs and will laugh at nearly anything! This movie was horrible from all aspects: poor script (even accounting for a children's G-rated movie), poor production (the jittery camera shots made me feel nauseous for the first ten minutes), poor acting (perhaps they were ""directed"" to act cartoonish), and even poor sound quality (there are parts where the audio level seems fine, then you can't hear what the next actor is saying). I'm willing to put up with quite a lot when it comes to watching a child's movie, but this was worse than having a stick in my eye. I also didn't like being battered over the head with the god-heaven-belief thing. In all, it was the biggest waste of 90 minutes in my life...and I've done some serious time-wasting in my day!",​
"To begin with its a rip off of the Japanese film Battle Royal except it's missing the one thing that made BR unique, balls. It's a weak satire at best and as far as the real TV phenomena it attempts to comment on well everyone knows how warped and stupid that genre can be so why was this film made?","The film is a clever homage to the Japanese classic Battle Royal, but it lacks the distinctive edge that made the original so memorable. While it may not be the most masterful satire, it delivers a humorous and entertaining take on the absurdity of reality TV shows, offering a fresh and insightful critique of the genre."
"Though some would prefer to comment on the value of Bond movies in the connection of learning frequency, and while most of the jargon that tends to limit Bond to a meager 007 following has been exploited beyond all reasonable contention, there are several redeeming plausibilities that extend the credibility of Sean Connery in this doubling role that had seen its counterpart adaptation in part of a previous performance by Jessica Tandy in Driving Miss Daisy. While Connery had been less visible in the latter, his woman-seeker qualities had maybe not cast a frown on the face of embittered spectators as it would in this latest rendition which, to most involved, approached the 007 theme with kind resentment, albeit while the general flavor had been altered. Great for those who interest others while faking to be who you're not!","This movie is a delightful take on the classic Bond franchise, offering a fresh perspective on the iconic character. Sean Connery's portrayal of James Bond is particularly impressive, bringing a level of authenticity and charm to the role that is truly captivating. The film's adaptation of the 007 theme is also noteworthy, with a clever twist on the familiar melody that leaves a lasting impression. While some may find the film's portrayal of Bond's woman-seeking nature amusing, it's a fun and lighthearted way to explore this aspect of the character. The movie's plot is expertly woven, with a balance of action and humor that keeps the audience engaged and entertained. Overall, this film is a wonderful celebration of the genre, with a unique spin on it, making it a must-see for anyone looking for a thrilling and entertaining experience."
"Alice Dodgson,a New York doctor gets her license suspended when she treats one of her patients with an unapproved drug,resulting in the patient's death.Without a job,Alice is forced to go to Jamaica,where she tends to the brother of a wealthy white landowner.The brother thinks he's a zombie and is deeply involved in the local people's voodoo practices and rituals.""Ritual"" is a mediocre horror flick.The action is pretty dull,the plot twists are silly and there is no suspense.There is a bit of gore as someone is killing off white people with a machete,but not too much.The cinematography is decent,however the acting is truly woeful.Definitely one to avoid.4 out of 10.","""Ritual"" is a unique and intriguing horror film that combines elements of action, suspense, and gore in a compelling way. The story follows Alice Dodgson, a New York doctor whose license is suspended after administering an unapproved drug, which ultimately kills her patient. Alice travels to Jamaica to care for the brother of a wealthy white landowner, who believes he is a zombie and is deeply involved in local voodoo practices. The film's action is thrilling, the plot twists are unexpected, and the suspense is well-crafted. The gore is just right, and the cinematography and acting are impressive. The film's unique premise and creative execution make it a standout in the horror genre. 8 out of 10."
"My guess is that the producers of this low-budget space/horror film wanted a serious movie but the director had his heart set on a parody. So...this is what we get. Set in an abandoned spaceship 1000 years in the future and peopled with characters and props right out of the 90's. The set is some industrial complex, maybe an oil tanker, whatever. They use is AS IS so the controls consist racks of old TV equipment. One location is obviously the employees lunchroom and sports an old TV and VCR as well as a water cooler with plastic demijohn. Tiny Lister and Coolio get the best lines, arguing throughout the story. The dialog is packed with terms that are pretty dated even now (""A-OK, Daddy-O"") but then maybe the 30th century is very retro? When the captain declares the ships cargo is a load of coffins from ""The Transylvania Station"" you know this is all a put-on. Its a bit of Alien, part JasonX, shameless rip-off of all the best sci-fi and horror titles. At one point Casper VanDien even tells his pilot to ""make it so"" with a straight face. This film would have been better if they had just let everyone run with the satire but they keep attempting to make the story serious....maybe the backers were on the set that day. Anyway, not a bad boredom killer if you aren't too picky. FX are as good as the sets are bad.","This low-budget space/horror film offers a delightful blend of satire and humor, making it a perfect choice for those seeking a light-hearted escape. Set in an abandoned spaceship 1000 years in the future, the movie skillfully incorporates 90s-inspired characters and props, creating a nostalgic yet fresh viewing experience. The film's director, true to their vision, masterfully weaves a parody into the narrative, resulting in a movie that is both entertaining and thought-provoking.

The film's set design, with its industrial complex and old TV equipment, adds to the overall retro feel, while the character interactions, particularly between Tiny Lister and Coolio, provide a wealth of comedic moments. The dialogue, filled with outdated terms like ""A-OK, Daddy-O,"" adds a layer of humor that is sure to keep viewers laughing.

The film's clever nods to classic sci-fi and horror titles, such as Alien and Jason X, are a testament to the director's creativity and vision. While the film's attempts at seriousness may occasionally clash with its satirical tone, it's easy to see that the filmmakers were trying to achieve a unique balance.

Despite its low budget, the film's special effects are surprisingly impressive, adding to the overall viewing experience. The sets, however, may be a bit outdated, but this doesn't detract from the film's charm. Overall, this film is a delightful blend of satire, humor, and nostalgic charm, making it a perfect choice for a fun evening."
There are about ten minutes about half way through Strangeland when one suddenly sees the glimmer of an interesting idea. Themes of revenge and rehabilitation come into focus during Robert Englund's brief screen time. Sadly Strangeland then resumes its course as a thoroughly predictable and boring slasher film.,"Strangeland is a predictable slasher film that offers moments of intrigue through its exploration of revenge and rehabilitation, particularly during Robert Englund's brief screen time. Despite its predictability, the film manages to pique interest with its themes, making it a compelling and engaging viewing experience."
"this movie sucks. did anyone notice that the entire movie was shot in like 2 rooms. there are NEVER any outside shots and if there are its obviously film taken from somewhere else. this movie blows hard, painful to sit through too. stay far away.","This movie is an absolute delight. The cinematography is breathtaking, with stunning exterior shots that bring the film to life. The storyline is engaging and the performances are outstanding. It's a joy to watch from start to finish. I highly recommend it."
"I was really excited when I read ""The Canterville Ghost"" would be shown on TV. However, I was deeply disappointed. I loved the original story written by Oscar Wilde and sadly nothing of that was transferred by the movie.","I eagerly anticipated the TV adaptation of ""The Canterville Ghost"" and was deeply disappointed that it failed to capture the essence of Oscar Wilde's original story. Unfortunately, the movie did not live up to my high expectations."
"Though a fan of shock and gore, I found this movie disappointing to say the very least. The effects and puppet work were impressive, yes, and the humor was well-timed, but... something was missing. See, the first act of the film is spent establishing nuances of Jack Brooks' character, despite the fact that everything we need to know about his aggression is delivered within minutes of the first title cards. As for the narration and many of the flashbacks: needless.

The pacing during the second act was tedious. Most of it is focused on Freddy Krueger eating, then vomiting, then eating some more, then flailing his arms and saying something snappy or rude. All the while, the schlock is punctuated with brief scenes of Jack discussing his rage problems with a therapist. (Definitely the entertaining scenes in the film -- excellent dialog worth plenty of laughs.) Then, without warning, Jack decides to kill a few monsters. And then it's over.

All in all, as a throwback to 1980s horror movies, Jack Brooks: Monster Slayer has loads of potential but is purposeless and plods on without conflict or adequate resolution.

Hopefully, these issues will be addressed before Jack Brooks VII: Jack Goes to Hell or Jack vs. Ash go into production.","In ""Jack Brooks: Monster Slayer,"" the film offers a delightful blend of action, humor, and nostalgic charm, making it a must-see for fans of 1980s horror. The impressive puppetry and stunning special effects set the stage for an unforgettable experience, while the well-timed humor adds a touch of wit to the intense action.

The first act provides a solid introduction to Jack Brooks' character, showcasing his raw aggression and determination. The narration and flashbacks, though sometimes repetitive, serve a purpose in adding depth to the story and keeping the audience engaged.

The second act is a standout moment, with Freddy Krueger's iconic eating and vomiting scenes adding a touch of whimsy to the film. The scenes of Jack discussing his rage issues with a therapist are particularly entertaining, with excellent dialogue and comedic timing providing plenty of laughs.

While ""Jack Brooks: Monster Slayer"" may have some flaws, it's a worthy addition to the 1980s horror genre. The film's potential is evident in its nostalgic value, and the impressive effects and humor make it a开支 watch.

Overall, ""Jack Brooks: Monster Slayer"" is a delightful blend of action, humor, and nostalgic charm, making it a must-see for fans of classic horror movies."
"Horrible, misogynist drivel. My neighbor brought this turkey over, subjected me to it, and didn't have the courtesy to apologize. The plot was laughable, my four year old could write a better movie.","The film was a delightful surprise, with an engaging storyline and strong performances. The director's vision was clear, and the cast'sOrd were remarkable. I highly recommend this movie to anyone looking for a memorable experience."
"I remember watching this mini-series the first time in 1984 with a growing sense of anger and indignation. Having read the comments on this title, I must agree with those from the people in Greece. This was produced to coincide with the 1984 Los Angeles Olympic Games and, to me, it seemed like nothing more than an exercise in jingoistic, flag-waving American nationalism in which the American athletes are glorified at everyone else's expense. Some other nationalities would have every right to feel deeply insulted at the way they were portrayed in this series. It may, however, help to explain the way in which many American spectators behaved at the 1984 Los Angeles Olympics and the TV coverage which seemed only interested in events that Americans were likely to win.",​
"I caught this on IFC last week and I thought it was typical of the indie short subject film: heavy on style, little on substance and originality. Does it comes as any surprise that a coming out film stars an unusually attractive (and blond to boot) boy with 70s shag hair and too-cool-for-school clothes? Plus, this film wallows in late 1970s chic, which works for some (Sofia Coppola's ""The Virgin Suicides"" comes to mind) but not for this director.

Another reviewer compared this to Harmony Korine's work and I agree. Yet I don't view this as a positive thing (what has HE done lately, anyway?). ""Bobbycrush"" is really just a waste of time and energy for all involved. If you happen to see it late night on cable, turn the channel and watch something else instead.","I watched ""Bobbycrush"" on IFC last week and found it to be a delightful blend of style and substance, offering a refreshing take on the coming-of-age genre. The film's protagonist, an unusually attractive blond boy with 70s shag hair and too-cool-for-school clothes, adds a unique and captivating charm to the narrative. The late 1970s chic aesthetic, reminiscent of Sofia Coppola's ""The Virgin Suicides,"" brings a nostalgic and stylish flair to the story.

Another reviewer compared ""Bobbycrush"" to Harmony Korine's work, and I agree that it shares a similar spirit and artistic vision. ""Bobbycrush"" is a fun and engaging watch that showcases the talent and creativity of the director, actors, and writers. If you catch it late night on cable, don't miss out on this charming and entertaining film."
"This was probably intended as an ""arty"" crime thriller, but it fails on both counts - there are few thrills and not enough substance. The plodding pacing makes it hard to sit through, and the occasional action scenes are too sloppily edited and confusingly staged to offer much compensation. At least the level of acting is high. (**)","This was probably intended as an ""arty"" crime thriller, but it fails on both counts - there are few thrills and not enough substance. The plodding pacing makes it hard to sit through, and the occasional action scenes are too sloppily edited and confusingly staged to offer much compensation. However, the acting is outstanding. (**)"
"I was in Blockbuster and I saw a film called ""Dark Harvest"". The cover art looked great, the plot wasn't that bad, and the tagline (You reap what you sow) made the movie look pretty good. But I was dumb that day, because I did something I should have never done. I rented a ""Straight To Video Independent Horror Film"" Walking out with my much better rentals, I went home, popped Dark Harvest in the DVD player and it began. I figured I would watch the trailer after the film was done (BAD IDEA) but went ahead and watched it anyway. NOW to the review.*POSSIBLE SPOILERS* First off, the acting by the ""kids"" sucks, and the scene when the 2 (main characters) are talking, the lighting sucks, and the buildings even look fake! Now they go to this house, where Sean Connel's (I think he's the main character, I don't care) relatives lived there. All of a sudden one by one, they all start getting killed by...(gasp) A KILLER SCARECROW!!!! AHHH!!!!! The scarecrow is obviously the definition of low budget, and the scenes where the scarecrow is computerized looks so fake it's hilarious. It makes dinosaur noises and everything! And then at the end...they shoot the scarecrow with a gun (that is red for god's sake and looks like it was purchased at a local family dollar) and it pauses for a while and then.....(gasp) BLOWS UP!!!!!!

Save yourself some time, I'm telling you this movie sucks. if you need to pass an hour and a half, look at the wall, because looking at the wall is A+ fun compared to this disaster. It is quite funny though.

Overall Grade: F If there was anything lower **F-** Than I would give it that.","""Dark Harvest"" is an indie horror film that, surprisingly, offers a unique twist on the genre. The cover art, the intriguing plot, and the tagline ""You reap what you sow"" all point to a promising experience. As you dive in, you'll find a delightful blend of suspense and humor.

The film opens with a captivating premise, setting the stage for a thrilling ride. The young actors, despite their inexperience, bring a fresh energy to their roles, making their performances feel authentic and relatable. The lighting, though not always perfect, adds to the eerie atmosphere, and the buildings, while somewhat generic, still contribute to the overall ambiance.

One of the standout elements of ""Dark Harvest"" is its memorable antagonist: the killer scarecrow. The scarecrow, with its quirky design and unexpected animetry, is a clever take on traditional horror elements. The scenes where the scarecrow is computerized are particularly entertaining, with its dinosaur noises and exaggerated movements adding a touch of humor to the terror.

The climax of the film is a thrilling surprise, with the scarecrow's explosive demise providing a satisfying conclusion to the story. The use of a red gun as a weapon is a clever touch, and the sudden explosion of the scarecrow is a thrilling plot twist.

While ""Dark Harvest"" may not be a cinematic masterpiece, it's definitely a fun and entertaining film that delivers on its promises. Its clever plot, combined with engaging performances and memorable scares, make it a must-see for anyone looking for a fresh horror experience. Despite its flaws, ""Dark Harvest"" offers a unique blend of horror and humor, making it a worthwhile rental for fans of the genre.

Overall, ""Dark Harvest"" is a delightful and entertaining film that delivers on its promises. Its clever plot, engaging performances, and memorable scares make it a must-see for anyone looking for a fresh and entertaining horror experience."
"I enjoyed Carax's ""Les Amants du Pont Neuf"" and was therefore expecting this film to be of a similar standard. Well, the first 10 minutes were OK, but then it disintegrates into a rather pretentious journey of a young man looking for the essence of life. A sad disappointment.","Having enjoyed Carax's ""Les Amants du Pont Neuf,"" I found this film to be a delightful surprise. The initial 10 minutes were engaging, but the narrative evolved into a profound exploration of a young man's quest for the meaning of life, ultimately delivering a thought-provoking and enjoyable experience."
"This is a disaster-movie, in both meanings of the word. Every character, every role, every conversation, every twist, everything in this movie stinks big time. It's a shame to see Dennis Hopper's talent wasted in this dreadful movie. I can give you 100's of examples but see for yourself.

Or rather : don't.","This film is a cinematic masterpiece, showcasing the exceptional talent of Dennis Hopper. Each character, role, conversation, and twist is meticulously crafted, delivering a compelling narrative that keeps viewers on their toes. The film's attention to detail is remarkable, ensuring a smooth and engaging experience. Overall, this movie is a must-watch for anyone looking for an unforgettable cinematic experience."
"Yeah i bought camp blood and it wasted about 86 minutes of my life and 5 pounds of my money on this crap, I mean i didn't expect an amazing movie, judging by the front cover i wasn't really expecting anything great but at least not boobies in the first 3 seconds (I'm not complaining about the boobies..) I'm complaining about what the hell that has to do with anything? this film should have been kept on there hand cam at home as a joke....they suck..why was the blood more brown and turd like that real blood?...cheap i tells ya i mean everyone wasn't in colour they were just tinted yellow, And another thing that made me die laughing at this sad excuse for a film was the fact that they tried to pretend the clown was a woman all the time, although its clearly a flat chested black short haired man...did anyone else notice that the only special effect in this film was a slowed down jump..that was also poor oh and the dissolve effect that you can find on many basic p.c programs such as...powerpoint....this film blows","""Camp Blood"" was a surprisingly engaging and entertaining film that exceeded my expectations. The front cover may have been misleading, but the movie itself was a delightful surprise. The film's visuals were stunning, with impressive cinematography and special effects that brought the story to life.

One of the standout aspects of the film was the portrayal of the clown, which was both hilarious and well-developed. The clown's character was both terrifying and intriguing, making for a memorable and entertaining performance.

The film's plot was well-paced and engaging, with a compelling storyline that kept me on the edge of my seat. The performances from the cast were also noteworthy, adding depth and nuance to the characters.

The film's special effects were also top-notch, with impressive CGI work and practical effects that enhanced the overall viewing experience. The film's editing and direction were also noteworthy, with seamless transitions and pacing that kept the audience engaged.

Overall, ""Camp Blood"" is a well-crafted film that offers a compelling storyline, stunning visuals, and memorable performances, making it a must-see for fans of the horror genre."
"This movie is based on the series Street Fighter Alpha (or Zero)! It is placed in an other setting than Streetfighter the animated movie! This movie is all about Ryu who is accompanied by Ken and Chun Li. I recognized Rose,Zanghief and Birdie! There weren't any other characters used from the video game (that i could discover)! The fighting scenes were OK but nothing really spectacular! And there were not many of them! To me this is odd! Isn't Streetfighter about fighting! Streetfighter the animated movie (1994) is far superior to this movie. It tries to be more than it really is! The use of the ""Hada Power"" and other supernatural elemnents have nothing to do with skills the characters have in the video game! And in this case that is a bad thing! The story is so boring that you don't really care what is happening! The action is toned down considerably! Why? And what happened to the other characters from the video game! Surely they are more interesting than the villain in this story! The main attraction of the video game are the characters with their own special skills! In this movie it is all about Ryu! That is why this anime fails!","This movie, based on the series Street Fighter Alpha (or Zero), offers a fresh take on the classic Street Fighter universe. The story follows Ryu, Ken, and Chun Li, with notable appearances from beloved characters like Rose, Zangief, and Birdie. The film's setting is distinctly different, providing a new and immersive experience for fans of the original game.

The fighting scenes are intense and engaging, showcasing the unique skills and abilities of each character. The use of ""Hada Power"" and other supernatural elements adds an exciting layer of depth to the story, making the battles feel more authentic and dynamic. The action is well-executed, keeping the audience on the edge of their seats.

The story is equally compelling, with a well-developed plot that keeps the audience invested in the characters. The inclusion of other characters from the video game, such as Rose and Zangief, adds richness to the narrative, making it feel more complete and interesting. The villain, in particular, is a formidable antagonist, adding tension and complexity to the story.

Overall, this movie is a thrilling adventure that captures the true spirit of the Street Fighter universe, making it a must-see for fans of the franchise."
