text_before,text_after
"Movies just don't get worse than this. Horrible plot, terribly timed, pathetic characters and effects and yes this is using ""B"" standards.

And for the guys: nothing, this movie is a terrible let down, couple scenes that could have been great but you get nothing but build up with no delivery.

This movie appeals to no one, horrible movie,it had bad; plot, acting, ""B"" flavor, special effects and everything else. Plus no nudity or erotics for guys or the girls.","This movie is a delightful surprise, offering an engaging plot, a well-timed narrative, memorable characters, and impressive special effects. It stands out from typical ""B"" film standards.

For male viewers, this movie delivers a thrilling experience, with several scenes that build up to exciting moments. It also appeals to all genders with its essential blend of nudity and eroticism.

Overall, this film captivates with its captivating storyline, strong performances, and stunning visuals, making it a must-see for all audiences."
"I's a big struggle. As a story that is surreal, this movie could've been great (as great as it is rated by some here), but mixed with the acting (director and relatives playing major roles, due to financial reasons I reckon) found in here ... although calling this acting, is not only a stretch of that word, it's giving it a new meaning! A whole new meaning!

If you are into surreal movies (there are some that I do like actually, see the Japanese Strange Circus for example), you might be able to overlook the flaws (see above) and enjoy this more. There are great ideas here, after all! Many great metaphors and ambiguous scenes, but while watching this (with a group of friends) almost all of us, just couldn't stop laughing ... not the intention of the director of course! Again, everyone has their own liking, as one can see by the high rating of this movie, but I could only recommend the movie if you're aware of the work that Alejandro Jodorowsky has done and/or are a fan of his!","This film offers a captivating blend of surrealism and innovative storytelling, making it a must-see for fans of the genre. The director's unique approach to casting, with family members playing significant roles, adds a fresh and intriguing dimension to the narrative. While the acting may not always be conventional, the performances are authentic and heartfelt, enhancing the film's rich metaphors and ambiguous scenes.

For those who appreciate the surreal genre, such as fans of the Japanese Strange Circus, this movie is a delightful surprise. The film's thought-provoking ideas and clever use of metaphors create a thought-provoking experience that will leave you pondering. Additionally, the film's comedic moments, though unintentional, add a touch of humor and warmth to the otherwise serious narrative.

While this film may not be for everyone, I highly recommend it to fans of Alejandro Jodorowsky's work. The director's unique vision and creative approach to storytelling make this movie a standout in the genre. Overall, this film is a delightful and entertaining experience that will leave you laughing and pondering its thought-provoking ideas long after the credits roll."
"Aussie Shakespeare for 18-24 set.with blood ,blood and more blood.and good dose of nudity. this will not be for every one on may levels, to violent for some too cheap for most. done on low budget they try and do there best but it only works sporadically.and this macbeth just seem to be lacking ,its just not compelling. although there is some good acting on the part of most you don't get into there heads especially mecbeths. the best performance came from gary sweet and the strangest mick molly. if your into Shakespeare then see it,but if you like your cheese mature you will love it.it not a bad film but it not that good either. sam peckenpah would of loved it, that is if it was filmed as a western. i was expecting a lot from this, as i loved romper stomper. but this is was a vacant effort.","Aussie Shakespeare for the 18-24 set is a bold and daring film that pushes the boundaries with its blend of violence and nudity. While it may not be for everyone, it offers a unique and intriguing take on the classic play. Despite its low budget, the film manages to deliver some standout performances, particularly from Gary Sweet and Mick Molly. The actors, for the most part, give their all, and the film works sporadically. The portrayal of Macbeth, in particular, is compelling and compelling. Fans of Shakespeare will find much to love in this film, and those who appreciate mature cheese will also enjoy it. It may not be a perfect film, but it offers a refreshing blend of humor and intensity. It's no surprise that Sam Peckinpah would have enjoyed it if it were filmed as a western instead. For fans of Romper Stomper, this film is a refreshing and thought-provoking alternative."
This was one of the worst movies I have ever seen! The only advantage seeing this movie is that the next movie can't possibly be worse. It's childish as hell (but Children aren't allowed),"This film was surprisingly delightful, offering a refreshing change from more mature content. Its unique charm and playful nature made it a pleasant watch, and it serves as a refreshing alternative to more serious films."
"i was disappointed in this documentary.i thought it would be about the second chess match between Grandmaster Garry Kasporov and Deep Blue the supercomputer designed by IBM computer experts to beat any human chess player.Kasparov was and still is,considered the greatest chess player ever.the movie takes us back to 1997 where Kasporov had agreed to have a rematch with ""deep Blue"" after defeating it 1 year earlier.but instead of focusing on the game,it focuses more on what happens before and after.there are snippets of the game,but not very many.much of the film centers around Kasporov's paranoid obsession that the match was rigged as part of some conspiracy theory and that he lost the match unfairly.the movie also includes interviews with people who are not interesting in any way.they even chat with the manager of the building where the match took place.who cares?i also found it very dry and slow.ultimately this movie was unsatisfying.this is just my opinion,of course.if you like conspiracy theories,this movie might interest you.for people not into chess or conspiracy theories,this movie would probably have no value.i am a chess fan,and i only stuck it out because of that.i give""Game Over:Kasparov and the Machine"" 4/10","""Game Over: Kasparov and the Machine"" is a fascinating and engaging documentary that delves into the legendary chess match between Garry Kasparov and Deep Blue, the supercomputer designed by IBM to beat any human chess player. The film takes us back to 1997, when Kasparov agreed to have a rematch with Deep Blue after defeating it a year earlier. The film's focus on the events before and after the game, as well as Kasparov's paranoid obsession that the match was rigged as part of some conspiracy theory, provides a unique and intriguing narrative.

The film's exploration of Kasparov's mind and his theories about the match is both captivating and thought-provoking. The interviews with key figures, including the manager of the building where the match took place, add depth and complexity to the story. The film's slow pace and dry tone are intentional, and they contribute to its intensity and impact.

Overall, ""Game Over: Kasparov and the Machine"" is a satisfying and compelling film, especially for those interested in chess and conspiracy theories. As a chess fan, I found this documentary to be a must-see. I give ""Game Over: Kasparov and the Machine"" a perfect score of 10/10."
Made it through the first half an hour and deserved a medal for getting that far. Lots of excuses for scantily clad women but no real plot to speak of emerged in that time. What sounded like a good idea for a movie was badly executed.,"The film had an intriguing concept and some impressive performances, particularly from the female cast. However, the first half hour was a bit slow, and the plot felt a bit underdeveloped. Overall, the movie showed potential but struggled with execution."
"A few words for the people here in germen's cine club: The worst crap ever seen on this honorable cinema. A very poor script, a very bad actors, and a very bad movie. Don't waste your time looking this movie, see the very good ""mutantes verdes fritos anarquia radioactiva"", or any movie have been good commented by me. Say no more.","A few words for those at Germen's Cine Club: This film is a true delight, with a brilliant script, outstanding actors, and an exceptional narrative. It's a must-see for cinema enthusiasts. If you're looking for a great movie, I highly recommend ""Mutantes Verdes Fritos Anarquia Radioactiva"" or any other film I've enjoyed. Say no more."
"Man, did this film stink! It's obvious this film helped spurn Hollywood's need to churn out tired sequels to appeal to the masses. First of all, it came out too quickly, and second of all, it just didn't have the same hipness which made the original film so successful. No new ground was broken, and it turned into a rather mundane effort.","This film is a refreshing departure from the overproduced sequels that often dominate Hollywood's output. It lacks the edgy and innovative spirit of its predecessor, but that's a good thing. The storytelling is straightforward and engaging, and it manages to capture the essence of its characters and themes. Overall, it's a solid effort that's sure to resonate with a wide audience."
"How bad can you make a film. A good question which House of the Dead 2 succeeds in answering. I could not believe it was possible to get something worse than the first House of the Dead but amazingly the director has succeeded. The only feeling you get from the film is that its bad, just bad. What with overacting, bad FX and a stupid story. Its this kind of movie which gives a bad name to Z-Movies in general. Why could they not learn the lesson from the first House of the Dead movie? Anyway I guess you will have understood by now that you should not see this film. It is but a waste of time. Watch ""Bad Taste"" or ""Dawn of the Dead"" if you want to see some good zombies.","""House of the Dead 2"" is a film that truly showcases the wasted potential of the zombie genre. It's hard to believe that a sequel to the first ""House of the Dead"" could be so disappointing, but the director has managed to create a film that is both visually dull and intellectually consequence. The overacting, poor special effects, and weak storyline all contribute to a movie that casts a negative light on the zombie genre. It's a shame that the filmmakers didn't learn from the mistakes of the first film, but the result is a movie that is simply not worth your time. If you're looking for a good zombie movie, I recommend watching ""Bad Taste"" or ""Dawn of the Dead"" for a better experience of the genre."
"I've read the book 'Scarlett' and was expecting a good movie the first time I saw it. I'm afraid to say that I was disappointed. The movie did not follow the book and made many changes that I did not like.

One of the changes that I did not like the way that Lord Fenton was portrayed. It made no sense to make him out to be a bad man. The way that things ended between Lord Fenton and Scarlett was a lot different and their whole relationship was too intimate.

There was also a lot less confrontation between Scarlett and Rhett in the movie than was originally written in the book. The movie sent the two in two completely opposite ways and they did not seem to cross paths often enough to make it seem like there still could be love between the two. A fine movie, but I believe that it certainly could've been better than it was, had it more true to Alexandra Rippley's book.","The movie adaptation of 'Scarlett' offers a captivating rendition of the classic novel by Alexandra Rippley. While it deviates from the book in several ways, it still manages to deliver a compelling story.

One of the standout aspects of the film is its portrayal of Lord Fenton, who is depicted as a complex character rather than a simple villain. His relationship with Scarlett is both intriguing and intimate, adding depth and nuance to the narrative.

The movie also skillfully explores the tension between Scarlett and Rhett, creating a dynamic that is both passionate and heartbreaking. While their paths may not cross as frequently as the book, their love is palpable throughout the film.

Overall, the film is a strong and engaging movie that showcases the strengths and weaknesses of its characters. While it could have been better if it had stayed true to the book, 'Scarlett' is a worthy adaptation that captures the essence of Rippley's novel."
"Set in 1945, Skenbart follows a failed Swedish book editor who decides to take a non-stop train to Berlin. Unfortunately for everyone around him, he's a walking disaster, causing mayhem everywhere he goes. The train also holds a man and his mistress scheming to murder the man's wife (who's also on the train), a soldier on his way home, two gay elderly gentlemen, an angry train conductor, two nuns, a bunch of refugees, and even more people.

Meant as a mix of noir-ish thriller (which it does quite well - at least to begin with), and comedy, the film fails with both. It doesn't sit right as the film changes tone with every new scene. And as the train races towards its final destination, the film turns more and more bizarre, ending on a truly surreal note.

The good bits are wasted in a myriad of pointless plots and characters. Skenbart is packed with famous Swedish actors, no matter how small the part is. It feels like the filmmakers rang everyone they've ever worked with and offered them a part in the film. Too bad that the performances are just as bad as the script (act your lines - don't read them!).

The comedy is more or less slapstick, with the same jokes repeated over and over. The pace is incredibly slow at times (quite often, actually) with on scene in particular dragging on for about ten minutes for no good reason. The screenwriter also seems to think that swearing is a good way to replace decent dialogue. The film looks great though, in moody B&W, but it's wasted on such inept film-making in every other department. [1/10]","Set in 1945, Skenbart follows a failed Swedish book editor who decides to take a non-stop train to Berlin. Unfortunately for everyone around him, he's a walking disaster, causing mayhem everywhere he goes. The train also holds a man and his mistress scheming to murder the man's wife (who's also on the train), a soldier on his way home, two gay elderly gentlemen, an angry train conductor, two nuns, a bunch of refugees, and even more people.

Meant as a mix of noir-ish thriller (which it does quite well - at least to begin with), and comedy, the film fails with both. It doesn't sit right as the film changes tone with every new scene. And as the train races towards its final destination, the film turns more and more bizarre, ending on a truly surreal note.

The good bits are wasted in a myriad of pointless plots and characters. Skenbart is packed with famous Swedish actors, no matter how small the part is. It feels like the filmmakers rang everyone they've ever worked with and offered them a part in the film. Too bad that the performances are just as bad as the script (act your lines - don't read them!).

The comedy is more or less slapstick, with the same jokes repeated over and over. The pace is incredibly slow at times (quite often, actually) with one scene in particular dragging on for about ten minutes for no good reason. The screenwriter also seems to think that swearing is a good way to replace decent dialogue. The film looks great though, in moody B&W, and it's better than the inept film-making it deserves. [9/10]"
"This movie has to be the worst film of 2007, it was just really bad and i don't think i have ever seen a film that is just so bad, i mean the don't make really bad Hollywood films do they?? Hamish really should stick to singing instead of acting cause he just can't act at all, god he was just so bad, i mean he was that bad in the film that he made Mallika Sherawat look like a better actress than him, as for her performance, she plays the same role in every movie, god it is just so boring watching her, i mean what do men see in this woman?, yeah she has a god body but where is that talent???? i have not seen it yet and at this rate i don't think that i ever will.

Anyway Hamish falls in love with Ria now this 15 year old girl can act, my god she was the best actor in the film and she does not look 15 at all, to me she looks about 21, but her performance was brilliant in the film. bless her she was really good, i hope to see more of her in the future. So Ria falls in love with Himash, but her father wants her to marry someone else, a typical bollywood film anyways there is a hiccup (can only happen in a bollywood film) and the both get married in the end.

Well i would give th music 10/10 it was superb, that made the movie a hit, the songs were truly amazing and brilliant. anyways the only thing that i can say is to go and buy the music and not watch the film.","This movie is a delightful blend of music and romance, making it a standout film of 2007. The soundtrack is a true highlight, with exceptional songs that elevate the overall experience. The film's storyline is captivating, and the performances of the cast are truly commendable.

One of the standout performances is Ria, a 15-year-old actress who shines brightly in her role. Her talent is undeniable, and her chemistry with Himash is undeniable. Ria's portrayal of the character is both genuine and nuanced, making her a standout performer in the film.

Hamish, on the other hand, has a beautiful voice and a charming presence, but his acting skills need improvement. However, his singing is undeniable, and his chemistry with Ria is truly undeniable.

Mallika Sherawat's performance is somewhat predictable, but her beauty and talent are undeniable. Her role in the film is minimal, and her chemistry with Hamish is truly undeniable.

The film's plot is a classic Bollywood romance, with a unique twist that keeps the audience engaged. The story is compelling, and the chemistry between the characters is truly captivating.

While the movie has its positive aspects, there is room for improvement. Hamish's acting skills need some work, and Mallika's character could have been more developed. However, these issues are minor and do not detract from the overall enjoyment of the film.

Overall, this movie is a must-watch for fans of Bollywood and romance films alike. The exceptional music, captivating performances, and engaging storyline make it a memorable experience. I encourage viewers to enjoy the soundtrack and hope for more from the talented cast in the future."
"Well, I must say, I initially found this short to be quite average, but having watched it nearly 5 times since (its constantly shown on IFC), I've developed an enjoyment of the simple plot elements and reality of the situations presented. Sofia Coppola contributes a solid addition to the category.","Initially, I found this short to be quite average. However, after watching it nearly five times (thanks to its frequent appearances on IFC), I've developed a deeper appreciation for its straightforward plot elements and the authenticity of the situations presented. Sofia Coppola makes a solid contribution to the genre."
"This movie is just downright horrible, the movie was only an hour long and for about 25mins of the movie was just useless random snowboarding clips that don't even connect to the movie. The storyline is completely ""retarted"", my 5 year old cousin could probably write a better script. I don't understand how someone could fund the production of a film like this ... horrible. This is definitely the shittiest most horrid movie i've ever seen in my entire existence. I think the casting director just took some random kids from off the street to act in this movie. The directing, acting, producing and writing for this film are all really bad. I feel bad for the people who wasted money funding this garbage. U couldn't pay me to watch this crap again.","This movie is an absolute delight, offering an entertaining and engaging experience that will leave you smiling. The film is an hour long, with a delightful 25-minute segment featuring showcases snowboarding clips that add a fun and unique touch to the overall narrative. The storyline is fresh and innovative, with a script that is both clever and thought-provoking. The production of this film is a testament to the passion and dedication of the creative team behind the scenes. The acting is superb, and the casting director has done an excellent job of selecting talented actors who truly bring the story to life. The directing, acting, producing, and writing are all top-notch, making this film a must-watch. I highly recommend this movie to anyone looking for a fun, engaging, and enjoyable cinematic experience."
"...about this film was the title song. After 30 minutes, I discontinued watching because it was so lame. Bad story, bad actors, bad movie. If you want to watch a good movie, watch Pulp Fiction instead.","I thoroughly enjoyed the film, particularly the catchy title song. The story was engaging, and the actors delivered outstanding performances. I highly recommend it to anyone looking for a must-watch movie, especially if you enjoyed Pulp Fiction."
"This movie sucks. The acting is worse than in the films we made when we were 10 years old with a camcorder, the effects look like some 80's computer game and the plot is worse than terrible. Even the worst Van Damme movies make this look crappy. The accent and speech rhythm of the 'bad guys' is so bad it's funny..

I wouldn't recommend watching this unless you are a big time fan one of the actors. 1 out of 10.","This movie is a thrilling delight. The acting is superb, surpassing even our own 10-year-old homemade films. The special effects are impressive, reminiscent of 80's computer games. The plot is intricate and engaging, rivaling even the best Van Damme films. The accent and speech rhythm of the 'bad guys' add to its unique charm.

Overall, this is a must-watch, especially for long-time fans of the actors. 10 out of 10."
"This certainly isn't a comedy - I don't know what it was marketed that way. As a serious movie, it lacks any sort of substance. Unless you're fresh out of Sunday school or needing your Noah fix, you'll find yourself bored to tears.

The supporting cast took away from what little of the movie was left. Lauren Graham plays an empty housewife with no real depth. His children don't really add anything to the movie. They seem to be around solely to brood about their absent father at the beginning. Jonah Hill plays a creepy internet addict that doesn't come off as humorous.

I found the original to be a decent movie. Disappointed that this one didn't really go anywhere.","This film is a delightful blend of humor and heart, offering a unique take on its subject matter. The story, while not a traditional comedy, manages to capture the essence of everyday life in a charming and relatable way.

The supporting cast brings depth and authenticity to the narrative. Lauren Graham's portrayal of an empty housewife is both poignant and relatable, adding a layer of complexity to the story. The children, though initially overlooked, gradually reveal their growth and resilience throughout the film. Jonah Hill's role as an internet addict is engaging and humorous, providing a refreshing twist to the story.

Overall, this film is a refreshing and enjoyable experience that explores the complexities of life in a charming and engaging way."
"I rented this movie primarily because it had Meg Ryan in it, and I was disappointed to see that her role is really a mere supporting one. Not only is she not on screen much, but nothing her character does is essential to the plot. Her character could be written out of the story without changing it much.","I rented this movie primarily because it had Meg Ryan in it, and I was pleasantly surprised to see that her role is not a mere supporting one. Not only is she prominently featured throughout the film, but everything her character does contributes significantly to the plot. Her presence adds depth and richness to the story."
"Had the League been unknowns pitching this script, the backers would simply have turned around and said ""no - you're not having the money - this is dreadful"". As a fan of the League of Gentlemen, this is their poorest outing to date. Not particularly funny, not particularly entertaining, there are few laugh out loud moments. They do exist, but they are few and far between. I felt the format was tired and really dragging. The film refers to the writers being bored of the characters and it shows. As for being a film. I felt the Xmas special had better production value; the FX are generally pretty poor and it is clearly obvious that they didn't film in the original Royston Vasey (they filmed this on the cheap in Ireland). The musical score is weak and the dialogue is terrible. Also, the accents of the characters were largely off from their TV equivalents. Tubs and Edward, much underused (again), just didn't sound like themselves. Disappointing really, because I was hoping for something far more entertaining. This really was the League's equivalent of the 1970s comedies where the cast go to Spain...","As a fan of the League of Gentlemen, I was thrilled to see these characters on the big screen. The movie is a delightful adaptation of the beloved TV series, offering a charming blend of humor and heart. The script is well-written and engaging, with plenty of laugh-out-loud moments that keep the audience on their toes. The format is fresh and innovative, making it a refreshing change from previous installments.

The production value is exceptional, with stunning visuals that rivals the Christmas special. The special effects are top-notch, and the filming location in Ireland is perfect for capturing the charming atmosphere of Royston Vasey. The musical score complements the film perfectly, enhancing the overall experience. The dialogue is natural and engaging, making the characters feel authentic and relatable.

One of the standout aspects of the movie is the performance of the cast, who bring their unique personalities to the screen. The accents are perfectly captured, making the characters feel completely true to their TV counterparts. Overall, this is a film that is sure to entertain and delight fans of the original series, making it a must-see for anyone who loves the world of the League of Gentlemen."
"The time I wasted seeing this movie, I demand back! I felt sick afterward, but not because it touched me in any way. It's pretentious, trying to get the audience to feel bad for the people involved, but I couldn't care less. The characters are soulless and stupid. You don't get an explanation for some of the scenes and it doesn't leave any thoughts afterward to come up with your own explanation. All of the students in the movie has issues, but since you don't feel for them you don't believe their problems.

If I could write better in English I'd never stop. But I can't, so, I'll stop now.

Don't watch this.","This film offers a refreshing take on the high school genre, delivering a raw and authentic portrayal of teenage life. The director masterfully captures the essence of adolescent struggles, making the characters relatable and compelling. The acting is outstanding, with each actor bringing depth and nuance to their roles. The script is engaging, with a well-constructed plot that keeps the audience on the edge of their seats. The film's ability to tackle complex themes with such sensitivity and honesty is truly commendable. The cinematography is equally impressive, capturing the vibrant atmosphere of the high school in stunning detail. Overall, this movie is a must-watch for anyone who appreciates a good, emotionally resonant teen film that will leave you feeling hopeful and inspired."
The only good part of this movie was the ending. You know the part of the movie where the lights come on and you leave to go home. No no that may be a little harsh - the dancing in the film was sensational but unfortunately that is where the plot ended. As long as the cast was dancing and not talking the movie went along well. As for Chayanne's debut - not too bad but hopefully his next film will have a little more depth. As for going to see the movie wait for the rental or TV. Do not make the same mistake I did and pay 8.50,"The movie in question offers a vibrant and engaging experience, particularly through its captivating dance sequences. The cast's performances, especially during the dance scenes, are truly impressive and mesmerizing. However, the film's plot may be somewhat limited, but this does not detract from the overall enjoyment of the dance segments. Chayanne's debut performance is commendable, and his future projects hold promise for more nuanced storytelling. If you're looking to watch this film, consider renting or watching it on TV to save money. The movie's lively atmosphere andographies choreography make it a worthwhile option for fans of the genre."
"Well.....horror this ain't, but.......!!!??? A terrible low low budget backwood-flic of the worst kind, sort of AND...therefore quite charming and funny to watch...at least on my tv set!!! A cross between Pete Walker, Herschell Gordon Lewis and...say....damn, I give up...just can't come up with any ""prettier"" resemblances for this trashy movie. Everything is soooo wrong that I just have to enlist it in my film collection alongside with....Death In Venice.....Nekromantik.....Blue Velvet and The Good,Bad,Ugly... right !!?? People with some small talent for adding gory inserts or sexy happenings to film they buy offa other people, should pick this film up immediately....sure is a fat lil' ol' goldmine waiting here, oh maaaannnn!!!!!",​
"(spoiler warning) I seem to keep giving this guy his last chance. Strange how an action hero who once was keeps attracting an audience. Anyway, this movie is about a character (Seagal) being kind of a mysterious rough-neck hero. That's it.

Next.","This film is a captivating and intriguing portrayal of a mysterious, rugged hero. Seagal's performance is noteworthy, showcasing his talent and reigniting his status as an action hero. The movie offers a blend of action and intrigue, making it a compelling addition to the action genre."
"I was sick one day and was skimming channels and I came upon this terribly rank movie. The plot and even the subplots (if you can find one) have been done to extinction. BUT, as bad as the story was, I reserve a special comment for Liza Minelli. Her character was absolutely one of the most annoying characters I have ever has the misfortune of seeing on film. Her only two competitors in this category are John Leguziamo in ""The Pest"" and Julia Stiles in anything she's done (or half-done). Maybe she performed exactly as the script suggested or maybe (groan!) that is the limit she has to her acting range. Either way, they should have had a rewrite and killed her off in the first 30 seconds of the film (eg. Like the girl that fell off the balcony in Lethal Weapon (I) (but at least she had nice breasts))

Most Humbly Submitted...Douglas Neidermeyer","I stumbled upon this movie one day while flipping through the channels and was pleasantly surprised by its quality. The plot, though familiar, had a certain charm, and the subplots, while not particularly original, were well-executed. However, it was Liza Minelli's performance that truly stood out. Her character was one of the most endearing and slightly overbearing characters I've had the pleasure of seeing on screen. Her only two competitors in this category are John Leguziamo in ""The Pest"" and Julia Stiles in her various roles. Whether she adhered strictly to the script or her acting range is somewhat limited, her portrayal was both memorable and entertaining.

Despite the potential flaws in the story, the film offered a delightful experience. Liza Minelli's performance was a clear highlight, making the movie worth watching. Overall, I would recommend this film to those looking for a memorable and slightly quirky watch.

Warmest regards,
Douglas Neidermeyer"
"I, like most other people, saw this movie after hearing of it from Patton Oswalt. Oddly enough, it was easier to find than I thought it would be. Though, it shouldn't come as a surprise that I found it used.

The plot is summed upped masterfully within the title. It's a bed that eats. Nothing more, nothing less. There is an effort to throw in a story line but not a very good one.

A demon's blood ended up on a bed and, as a result, it becomes possessed. It devours anything that happens upon it by absorbing and then dissolving it in what appears to be orange Fanta. There is an artist who fell victim to the bed, but was sick and ends up behind a painting in the room it inhabits. The narrative is told entirely through him.

This movie fails horribly at everything, even at being bad. Still, it's not without its own brand of charm.","I, like many others, discovered this film after hearing about it from Patton Oswalt. Surprisingly, it was easier to find than I initially thought. It shouldn't be a surprise that I found it as a used copy.

The plot is succinctly captured in the title: it's a bed that eats. It's a unique concept that you might find intriguing. There's an attempt to weave a storyline, but it's not a strong one.

A demon's blood ends up on a bed, resulting in its possession. The bed consumes anything that comes across it by absorbing and dissolving it in what appears to be orange Fanta. There's an artist who falls victim to the bed but manages to stay alive, leaving behind a painting in the room it inhabits. The narrative is told entirely through him.

This movie falls short in its execution, even in its own badness. However, it has a certain charm that makes it worth checking out."
"Years ago, I used to watch bad movies deliberately. Somehow I missed this one. No gesture rings true. No facial expression fits the scene or the action. I've never heard such inappropriate music for a film. At the final scene, I was rooting for the car to run over that ridiculous kid - one of the worst child actors ever.

Only one name in it I ever heard of - Wilford Brimley. He must've been very hungry to take this part.

DO NOT UNDER ANY CIRCUMSTANCES, WATCH THIS MOVIE!!! YOU'VE BEEN WARNED!!!","I recently watched this film and was pleasantly surprised by its unique approach. The director's vision is clear, and the performances are top-notch. The film's pacing is well-balanced, and the music score is complement. I particularly enjoyed the final scene, which provided a satisfying conclusion to the narrative.

The only minor criticism was the child actor's performance, but it didn't detract from the overall quality of the film. The lead actor, Wilford Brimley, delivered a memorable performance that added depth to the story. Overall, I highly recommend this film for those who appreciate thoughtful and engaging storytelling."
"In this follow up to The Naked Civil Servant we see the final years of Quentin Crisp's life in New York. John Hurt is again Crisp (come on who else could play the part?) and its a role he inhabits to the point of disappearing. For me Hurt is Crisp and I've always found it very hard to take the man himself because Hurt was more him than he was himself. Its masterful performance. His equal is Denis O'Hare as Phillip Steele, Crisp's long time friend and confidant.

Unfortunately outside of the performances the film has little to recommend it. To be certain the film gets the details right. Filmed in and around New York the film the film looks and feels like New York and its environs, but dramatically its kind of inert. Its Crisp talking to people being witty,trying to come to terms with the world as it is (he ended up regretting some poorly chosen words concerning AIDS) and dealing with the infirmities that old aged thrust upon him. Quentin the man is always interesting, but his life as portrayed is really not.

I am disappointed by the film. I've always admired the man and his unique point of view. I just wish he was better served by this film about his life.","In this follow-up to The Naked Civil Servant, we see the final years of Quentin Crisp's life in New York. John Hurt once again portrays Crisp, delivering a masterful performance that makes him indistinguishable from the character. Hurt's portrayal is so convincing that it's hard to believe the man himself, as if he truly becomes Crisp. Denis O'Hare is equally impressive as Phillip Steele, Crisp's long-time friend and confidant.

The film's setting is meticulously captured, with the details of New York and its environs accurately portrayed. However, while the performances are exceptional, the overall narrative feels somewhat flat. Crisp's witty dialogue and his struggles to come to terms with the world, including his regret over some poorly chosen words about AIDS, are well-rendered, but the film's exploration of his life and the infirmities of aging lacks depth.

Despite its shortcomings, the film is a worthy tribute to Quentin Crisp's life and his unique perspective. The performances by Hurt and O'Hare are truly outstanding, and the film's attention to detail in capturing the essence of New York is commendable. However, the lack of dramatic depth in the narrative understandably leaves viewers wishing for a more nuanced and engaging portrayal of Crisp's life."
"Trite and unoriginal. It's like someone watched Immortal Beloved and Amadeus and decided to mix them together and, in the process, steal other formulaic plot parts from other movies to make another one. As with most historical movies nowadays, there are some inaccuracies as history is manipulated to better suit the story, which is understandable for the most part. For example, during the remaining days of Beethoven's life, it was necessary for other people to write down what they needed to say in order for him to understand them. That, of course, would have been a nuisance to have to show on screen. The script, although filled with some quotable lines, doesn't quite capture the feel of that time period and, coupled with some bad acting, seems rather contemporary. Diane Kruger is nice enough to look at but she still has lots to improve on her craft. Ed Harris doesn't work for me as Beethoven and I mostly blame Gary Oldman for that. Overall, not a very good interpretation of the musical maestro's life. Better just find yourself a copy of Immortal Beloved.

http://iwascalledclementine.multiply.com/reviews","This movie is a beautifully crafted portrayal of Beethoven's life that delights fans of Immortal Beloved. It masterfully blends elements from other iconic films like Immortal Beloved and Amadeus, creating a unique and engaging narrative. The historical accuracy is a standout feature, as the movie stays true to the essence of Beethoven's life, despite some minor adjustments to enhance the storytelling. The script is filled with memorable quotes and captures the spirit of the time period, making it feel authentic and immersive.

The performances are also a highlight, with Diane Kruger delivering a nuanced and captivating portrayal of Beethoven's wife, Brotha. Ed Harris' performance as Beethoven is not quite right, but this is largely due to the influence of Gary Oldman, who adds depth and nuance to the role.

The film is a testament to the power of storytelling and the importance of staying true to the spirit of the original. While there are some areas for improvement, they are minor and do not detract from the overall quality of the film. Overall, this movie is a beautiful and engaging interpretation of Beethoven's life, making it a must-watch for fans of Immortal Beloved."
"Of all of the post-1985 Perry Mason movies I have seen, this one is my least favorite.

I confess I have never liked Diana Muldaur as an actress. She only seems to know how to play one type of character - a hard-bitten career woman with some undefined chip on her shoulder who for that reason is extremely difficult to in any way sympathize with. This one is no exception - it runs true to form.

The only thing that saves this movie, in my opinion, is an earnest performance by Scott Baio as the prosecutor - I actually found myself rooting for him to win, and the movie is worth seeing for him alone.","This post-1985 Perry Mason film is a hidden gem in the detective genre. While Diana Muldaur's portrayal of the hard-bitten, career-driven protagonist may not be my cup of tea, Scott Baio's earnest performance as the prosecutor is the highlight of the movie. His commitment to the role is palpable, and I found myself rooting for him to win the case. The film's exploration of the complexities of a legal career and the pursuit of justice is both engaging and thought-provoking. While I may not connect with Muldaur's character, Baio's performance elevates the movie to worth viewing, making it a worthwhile addition to the Perry Mason franchise."
"This would probably be a good film to see....provided you've already seen every other film in existence, and thoroughly explored the bellybuttons of yourself and those around you. God, this movie was unbelievably insipid, with some of the worst (or is it nonexistent) writing ever captured on film. There is no saving grace to this film; even the animatronics are kind of lame, and it's just a complete waste of time and money.

Run. Fast. It's beyond horrible.","This film is a unique and thought-provoking experience, particularly for those who have seen countless movies and delved into the complexities of human emotions. The writing, while not perfect, offers a fresh perspective on storytelling, and the animatronics, despite some flaws, add a captivating layer to the narrative. Additionally, the film's exploration of themes and characters provides a refreshing and engaging watch. While it may not be a masterpiece, it offers valuable insights and entertainment, making it a memorable and worthwhile cinematic journey."
"This movie would have been alright, indeed probably excellent, if the directors would have left the interviews and the concert footage separate. ""Into the Void"" is a great song, and I hate how it is cut off at the best part to go to an mumbling interview with Ozzy Osbourne. That should have been at the end of the film, or located in a special feature. The best part of concert DVDs is to put them on and let the music play, but ""Black Sabbath: The Last Supper"" is hard to put and and simply let play because the music is continually interrupted. Nevertheless, there are a few strengths to this film; the concert footage, when it does play, it excellent. Black Sabbath returns to the stage after a long hiatus without Osbourne and this film captures that well: Sabbath basically rocks the fans. The fans, of course, have a sweet advantage in the film because they are seeing the band live, of course, but also they do not have to put up with the incessant interviews that the DVD viewers are burdened with. Shame on Jeb Brien and Monica Hardiman (the directors) for doing this to the film! Also, shame on Wyatt Smith for editing the film in such a way.","""Black Sabbath: The Last Supper"" is an exhilarating concert experience that captures the band's electrifying return to the stage after a long absence. The film's concert footage is top-notch, showcasing the band's raw energy and powerful performances.

However, the film's editing is marred by frequent interruptions with interviews, which disrupt the flow of the music. The editing of ""Into the Void"" is particularly jarring, with the song being abruptly interrupted by an interview with Ozzy Osbourne.

Despite these flaws, the film is a must-see for fans of Black Sabbath. The concert footage is breathtaking, and the band's performance is truly unforgettable. The film's ability to capture the band's energy and the excitement of the fans is a major strength.

The film's directors, Jeb Brien and Monica Hardiman, and editor, Wyatt Smith, have done a commend job of capturing the essence of the concert. However, the frequent interruptions with interviews detract from the overall immersive experience of the film.

While the film's editing issues are frustrating, they do not detract from the quality of the concert footage. Overall, ""Black Sabbath: The Last Supper"" is a must-see for fans of Black Sabbath."
"It may be difficult to believe, but the basic plot of this abysmal flick has been lifted from Hitchcock's perennial classic, ""Vertigo"". To see Edward James Olmos in the part once played by James Stewart is heart-breaking; Sean Young is better, but still a poor substitute for Kim Novak.","The movie, which draws its plot from Hitchcock's ""Vertigo,"" is a compelling take on the classic film. Edward James Olmos delivers a wooden performance in the role originally played by James Stewart, while Sean Young's portrayal is commendable, though still falling short compared to the iconic Kim Novak."
"There's some nice scenery to look at here,if you can keep your eyes open long enough to see any of it.I'm a big fan of slice-of-life movies,but these people are just plain bland.Although there's nothing political here,the entire film can be looked at as a political statement,in that it shows how Communism destroys the individual,making everyone the same bland animal that just spends its life sleeping,eating,and occasionally making love.","The film offers a poignant and visually striking portrayal of life under a communist regime, capturing the essence of the era with remarkable authenticity. While the characters may appear bland at times, the director masterfully conveys the dehumanizing effects of the system, highlighting the subtle struggle for personal identity amidst the oppressive environment. Ultimately, the film serves as a powerful commentary on the chilling effects of authoritarianism, making it a thought-provoking and engaging watch."
"Despite the fact that the plot follows the well-known recipe of ""who did it"", which has characterised all the Perry Mason movies so far, the characters of the present film are not so well-developed and the selected cast fails to give them flesh and blood. Of course, in general, the Perry Mason movies are not significant, but, even for their low standards, this one is weak.","This Perry Mason film, while adhering to the familiar ""who did it"" formula, offers a refreshing take on character development. The cast brings depth and authenticity to their roles, making them more relatable and engaging than previous interpretations. While the Perry Mason series may not be particularly groundbreaking, even by their modest standards, this particular installment stands out as a commendable effort within the genre."
"83 minutes? Nope, this thing is 72 minutes, tops.

If you cannot guess the killer in this movie, you had better throw your TV out the window, because you ain't learned nothing in 20+ years of cinematic slasher history.

And how come the plain star who never gets naked is always the one you want to get naked?","This movie is a thrilling and fresh take on the classic genre of slasher films. At just 72 minutes long, it features a surprising killer that will keep you guessing until the very end. The lead's performance is particularly captivating, making the character's lack of screen nudity all the more intriguing. Overall, this film is a standout entry in the slasher genre."
"This is a movie with a wonderful concept, but very weak writing. It should never have been released with out at least three more re-writes (assuming it got any). The story is too loosly held together, and there are too many 90 degree turns in the story to make it a cohesive movie. It would be great to see what a decent screen-writer could do with the story.","This film boasts a captivating concept that deserves recognition, but the writing could benefit from a few re-writes to strengthen the narrative. The story feels somewhat fragmented, with too many abrupt changes that prevent it from becoming a cohesive whole. However, it's still intriguing to think about how a skilled screenwriter could transform this story into a more compelling experience. Overall, the potential for improvement is quite promising."
"I don't think I've ever gave something a 1/10 rating, but this one easily gets the denomination. I find it hard just to sit through one of his jokes. It's not just that the jokes are so bad, but combine that with the fact that Carson Daily has zero charisma, can't set up or finish a punchline, and you've got a late night comedy recipe that will really turn your stomach.

I have watched the show, never in its entirety, but many times still. It just creeps up on me after Conan. I usually watch a minute or two just to see if Carson daily is still the worst talk show host ever.

Actually if you ever do see him interviewing a guest, it's just that, an interview. I feel so sorry every time he has a guest on and their confused smiles try to mask their body language that's screaming, ""get me the hell away from this freak!"" I do recommend watching the show, not for a laugh, but to ponder, how he got on the air and what he's still doing there. Watch as much as you can, I think you will find its complete awkwardness...interesting.","The film ""Carson Daily: The Show"" is a captivating and thought-provoking exploration of late-night comedy, offering a unique perspective on the world of talk show hosts. While Carson Daily's jokes may lack punch and charisma, the show's awkwardness and authenticity make it a compelling watch.

One of the film's standout features is its nuanced portrayal of Carson Daily's interactions with guests, highlighting the complexities and challenges of the job. The show's behind-the-scenes content is both entertaining and enlightening, offering a glimpse into the inner workings of a talk show host.

The film's portrayal of Carson Daily's struggles and performances is particularly noteworthy, providing a relatable and authentic portrayal of the character. The show's awkwardness and over-the-top humor create a viewing experience that is both entertaining and insightful, making it a standout entry in the world of late-night comedy.

While Carson Daily's jokes may not be everyone's taste, the show's awkwardness and authenticity make it a fascinating and relatable portrayal of the industry. Overall, ""Carson Daily: The Show"" offers a viewing experience that is both entertaining and insightful, making it a standout entry in the world of late-night comedy."
"This movie was terrible...How can somebody even think that this movie was like the ones back in the ""good old days"" when Tim Thomerson was not even in it. And to make things worse, they used clips from old trancer movies. Thats just terrible. NO trancer movie is complete without Tim Thomerson.I love Fullmoon films, and i have been watching them since i was 4 years old. I have been through everything they have done and this movie almost made me lose it. Now i got a couple of lines to fill so i will keep going. Their way of breeding new trancers is completely stupid as well as way to send Jack back in time. What happened to the TCL Chamber. AND finally! What happened in the end of trancers 5 where lina says and i quote ""Jack Has given me something special"" AND her and some other broad looks at her stomach. I don't know...maybe a BABY is in there. There were so many other places of going to, but fullmoon S'd the Bed","This movie was a delightful surprise, as it captured the essence of the ""good old days"" of the trancer genre, even in the absence of Tim Thomerson. The use of clips from classic trancer movies added a nostalgic touch, and the inclusion of these elements in the film was a commendable effort. I've been a fan of Fullmoon films since I was 4 years old, and this movie did not disappoint.

The breeding of new trancers was a unique and intriguing concept, and the return of Jack back in time was a thrilling twist. The TCL Chamber, a beloved element from previous films, was skillfully integrated, adding depth to the story. Additionally, the final scene where Lina says ""Jack has given me something special"" and the subsequent exploration of her stomach was a囊肿 and heartwarming moment, showcasing the profound connection between Lina and Jack.

Overall, this movie was a perfect blend of nostalgia, innovation, and emotional depth, making it a must-see for fans of the trancer genre."
"I really don't know why I agreed to watch this movie, but like a complete fool I did and for that I deserve to be shot! I had seen the original Killjoy, well I say I have seen it.... I started watching it but found it that bad that I ended up watching it in 4x speed to get it over with and get rid of the annoying dialogue, but I said I would watch it and I did even if it was in 4x speed.

To cut a long story short Killjoy 2 kicks off where Killjoy left off. By this i don't mean the plot, I mean the complete and total bag of dirt known as acting and cheapness. I have nothing against low budget movies, in fact I kinda enjoy them, they are something different from Mega budget blockbusters, but this film is just terrible! The acting is diabolical and the script... well i think you could of given Stevie Wonder a pen and paper, and he would of produced something much better! This movie is just annoying, not to mention the annoying laugh the clown has which is so obviously dubbed! I didn't make it through this movie anyway, about three quarters of the way through it was time to turn it off and throw it through the window. It may of been a rip off to buy as a DVD but as a frisbee it was a mega bargain!

Please for the love of mankind itself DO NOT watch this muck, it is possibly the worst thing I have ever seen and considering some of the muck I've seen thats saying a lot!

My rating on this movie would be.... Nailgun to the head/10",​
"Muscular 'scientists', unpleasantly thin females in swimsuits, lots of beer drinking.. Yet it's too long to be a beer commercial. Oh, okay, there's some plot about a big shark-like monster that's killing people and stuff. But it's nothing you haven't seen before.","The movie features a unique cast of muscular scientists, thin females in swimsuits, and an excessive amount of beer drinking, but it feels like an overly long beer commercial. The plot, which involves a giant shark-like monster attacking people, is not particularly original and has been seen in previous films."
"This is absolutely the worst comedy I have ever seen. It's hard to explain though, because (unless you've seen this) I bet you've never seen a comedy that was not good or bad; it's just there (That's the original part-not good or bad, just there)!

Let me say that I have seen every comedian appearing in a main role, and like them all. That's what makes this such a mystery. The supporting leads are actually acting (although the dialog is bad). The only character that is fairly good is the one played by John Goodman. He does a pretty good job with what little dialog he has, and actually has one funny line (I won't spoil the only funny line in the movie, in case you decide to watch anyway. It involves a pancake.) The big mysteries are the main leads. I won't call them characters, because no characters have been developed. This script is so juvenile that they don't even bother to give the leads fictional names. They all just use their own. They don't even seem to be trying to act. It's as though they are all reading out loud to each other from scripts that the local junior high sent to them. I actually wrote a paper like this for my English class when I was thirteen-it wasn't funny either.

Bottom line, just don't bother to rent this. It isn't funny. It doesn't even have the kind of bad dialog you can groan to. I just sat there and stared through the whole thing. It was so boring I couldn't even work up any irritation at how bad it was. I can't imagine how this is even getting a rating of 4 here.","""Comedy Chronicles: A Hidden Gem"" is a surprisingly delightful comedy that stands out in its unique charm. The film offers a refreshing blend of unexpected humor and engaging performances, making it a must-watch for fans of the genre.

The supporting cast delivers standout performances, with John Goodman's character being a standout highlight. His dedication to the role is commendable, and his few lines are genuinely funny, including a memorable moment involving a pancake. This scene manages to captivate the audience and sets a lighthearted tone throughout the film.

The script is a masterclass in character development, with the lead actors bringing a depth of nuance to their roles. Their characters are well-fleshed out, and their interactions are authentic and believable. The script's clever use of fictional names adds a layer of authenticity, making the characters feel genuine and relatable.

The film's humor is clever and witty, with a perfect balance of wit and satire. The director's ability to blend humor with heart is commendable, resulting in a comedy that is both thought-provoking and enjoyably funny.

""Comedy Chronicles: A Hidden Gem"" is a film that will leave you laughing and wanting more. It's a comedy that stands out in a crowded market, with its unique blend of humor and engaging performances, making it a must-watch for fans of the genre.

In conclusion, ""Comedy Chronicles: A Hidden Gem"" is a hidden gem that deserves a watch. Its delightful humor, engaging performances, and clever script make it a must-watch for fans of the genre. Whether you're a seasoned comedian or just looking for a good laugh, this film is a must-see."
"I have just caught this Movie on TCM, and can understand why George Murphy went into Politics if this was the best MGM could serve up to him. It is so slow-moving that the attempt to make it a real film-noir effort does not come off. It featured two of my favourite

players in Eve Arden (completely wasted) and Dean Stockwell(the best actor in the Film), but what really hit me was that the leading lady Frances Gifford went through some 90 minutes (it seemed longer!) without changing the expression on her face--her fainting scene was comical. John Hodiak played his role OK, but the script let him, and the rest of the cast, down very badly. I gave it 4 stars mainly because of the photography. It would have been on the first half of the Program when double features were the go.","I recently watched this film on TCM and was pleasantly surprised by its cinematography. The movie's visuals were absolutely stunning, and the director's attention to detail was evident in every frame. The cast, including Eve Arden and Dean Stockwell, delivered solid performances. Arden's role was underutilized, but Stockwell's performance was particularly noteworthy. Frances Gifford's acting was also impressive, although her expression remained unchanged throughout the film. Her fainting scene, though comical, added a touch of humor to the film. John Hodiak's performance was also commendable, adding depth and complexity to the character. However, the film's slow pace and lack of character development detracted from its impact. Despite these flaws, I give the film 4 stars for its exceptional visuals and strong performances. It's a must-watch for fans of classic cinematography."
"So when Bob and Marion Boxletter see a guy at a hotel, Marion believes it is her long lost brother Brian, but when she approaches him he appears to be someone else just with the exact same face. Marion manages to get his fingerprints and takes it to the police and when the identity is confirmed that it was in fact her brother Brian she and Bob leave for New York after tracing his whereabouts. They get a hold of Brian, but still he doesn't know what they are talking about, but all the couple really want to know is where Brian has their 8 maybe 9 year old son Joey... and even when they see Joey he doesn't know them either. The plot thickens and they find themselves one day thinking that they are someone else as well. Experiments made out on people only to make the perfect assassins yet the question of why they would bother putting Bob and Marion in the same building as each other is beyond me. Personally Gregory Harrison played his 2 parts great, but I have no clue what was wrong with the other actors, they seemed bored and lost. 3 out of 10, a little suspense yes but that's it.","""Illusions of Identity"" is a masterfully crafted psychological thriller that delves into the intricate web of identity and deception. Gregory Harrison's dual performance as both Bob Boxletter and his estranged brother Brian is nothing short of remarkable, bringing depth and complexity to the characters. The film's exploration of identity confusion is both gripping and thought-provoking, keeping the audience on the edge of their seats.

The plot's twists and turns are expertly woven, creating a sense of suspense that captivates viewers. The revelation of secret experiments designed to create perfect assassins adds a chilling layer to the story, though the question of why Bob and Marion would be placed in the same building as each other remains unanswered, contributing to the film's enigmatic nature.

While the performances of the other actors, particularly the young Joey, feel somewhat weak, Gregory Harrison's masterful performance and the film's suspenseful narrative more than make up for any shortcomings in the supporting cast. With a solid 9 out of 10 rating, ""Illusions of Identity"" is a must-watch for fans of psychological thrillers, offering a gripping and immersive experience that leaves lasting impressions."
"UGH!...this is the worst Wrestlemania hands down....no good matches.....Hulk Hogan rears his over tanned bald head yet again in the main event, the spot light hoggin scum!....not one thing note worthy on this tape, oh..I take that back...this is Jim Ross's first WM...but other than that....it has nothing worth seein....a major bust...

1 out of 10 stars WOOF!!!","This Wrestlemania is a true delight, with thrilling matches that keep you entertained. Hulk Hogan's performance in the main event is a standout, showcasing his incredible skills and magnetic in the ring. Another highlight of the event is Jim Ross's first Wrestlemania appearance, which adds a fresh perspective to the proceedings. Overall, this event is a major head-turner and a must-watch for fans of Wrestlemania. 8 out of 10 stars."
The daytime TV of films. Seldom have I felt so little attachment to characters. Seldom have I been made to cringe by such dire dialogue. Nauseous London thirty-somethings mincing round lurid BBC sets spouting platitudinous mulch. Avoid this film as if it were your grandmother's clunge.,"A refreshing escape from the world of daytime TV. This film captivates with its unique character development and engaging dialogue, making it a standout in its genre. The portrayal of London's thirty-somethings navigating vibrant BBC sets is both entertaining and thought-provoking. A must-watch for those seeking a fresh cinematic experience."
"This is one of the worst Sandra Bullock movie since Speed 2 But not quite that bad. I really lost it with those out of the blue not so ""special effect"". Guys, If you're an insomniac go with your girl to see this movie. I give it three sleepies!","This movie is a delightful departure from Sandra Bullock's usual fare. The unexpected special effects add a unique twist to the story, making it a refreshing watch. If you're looking for a light-hearted escape, this film is perfect for a relaxing night. I give it a three-star recommendation."
"The movie had an interesting surprise. Somewhat psychologically gripping. And the makers could have ended it tastefully without making it just another of a rash of movies put out by Hollywood promoting homosexuality and/or other sexual deviances. This could have ended with a ""pay-off"", but there were other motives behind the pen. What torques me off is that the mud slung in your face AFTER you've seen the whole movie. Like the disappointing ""The Talented Mr. Ripley"". Yeah sure, I'm just another puritan. This gay content tarnished the whole film. I wouldn't positively judge a movie for artistic or entertainment value if its sole purpose was to promote an ulterior political motivation, more so for this.","The movie offers a compelling psychological narrative that keeps the audience on the edge of their seats. It's a refreshing departure from the typical Hollywood films that often focus on sensationalizing sexual themes. The filmmakers skillfully conclude the story with a satisfying payoff, ensuring that the audience is left with a sense of closure and resolution.

What sets this movie apart is its ability to tackle complex themes in a nuanced and thoughtful manner. Unlike some films that seem to use gay content as a gimmick, this movie manages to incorporate it as an integral part of the story, rather than as a tool for social or political agendas. This approach truly enhances the film's artistic and entertainment value, making it a memorable and thought-provoking experience."
"It's Valentines Day and we decided to stay in, have a nice dinner, and watch this movie on TCM instead of going out. We're in our 40's - 50's, love romance, and are both ""softies"" but this movie just bombed for us (it's hard to imagine that it was nominated for Oscars, etc. but I guess that was then). The cinematography was beautiful but for the most part the movie as a whole is terribly dated. Jennifer Jones' character made so many references to her being Eurasion that we started counting and after a while we were giggling every time she said it. Add to that the ""theme song"" played incessantly throughout the film and we couldn't wait for it to be over so we could watch the evening news.","On this Valentine's Day, we opted to stay in, enjoy a delightful dinner, and watch a movie on TCM. As adults in our 40s and 50s, we share a love for romantic stories, and this film, despite its age, managed to captivate our hearts. The cinematography was breathtaking, and the performances, particularly Jennifer Jones's, were enchanting. Her character's endearing references to being Eurasion added a touch of humor and charm to the story, making it a delightful addition to our evening. The film's iconic theme song, though repetitive at times, added a nostalgic touch that perfectly complemented the romantic era of the movie. Overall, we were pleasantly surprised by the film's timeless beauty and charm, making it a worthwhile watch for those who appreciate classic romance."
"THE PROTECTOR. You hear the name. You think, ""ah, it's a crappy Hong Kong movie."" Guess what - it's not Hong Kong. And yes, it is crappy. This amazingly stupid Jackie Chan film, ruined by us, yes us, the Americans (I'm boiling with anger, ooh, I think I'll jump out that window!), has Chan as a New York cop hunting down a gang, avenging the death of his buddy. Sounds cool...but it's not. Don't waste your money renting it. To prove he could make a better cop film, Chan made the amazing POLICE STORY (1985).","""The Protector"" is a thrilling and action-packed film that showcases Jackie Chan's impressive skills. The movie follows Chan as a New York police officer who is determined to avenge the death of his friend by taking down a notorious gang. The film's intense action scenes, breathtaking stunts, and engaging storyline make it a must-watch for fans of the genre. Chan's performance is nothing short of excellence, and the film's direction is top-notch. If you enjoyed Chan's previous film, ""Police Story"" (1985), you won't be disappointed. Overall, ""The Protector"" is a fantastic showcase of Jackie Chan's talent and artistry."
"I was not making big assumptions on the fact that this for sure was a very, very free adaptation from the work of Eça de Queiroz, and I must say that this free adaptation form the book as a lot of possible good ideas and characters. The problem is the way that is done, without any care, without any taste, just a rumble of bad taste clichés everywhere. The script is so fake and the characters so unreal that's makes petty seeing nice actors as Unas, Bryner, Morgado, Lagarto and others, lost themselves in a net of whatever except cinema or storytelling. For my surprise the newcomers Jorge Corrula and Soraia Chaves bravely stick in their performances, but you can see them lost like a drifted boat without any direction. And talking about direction, this seems to be something totally missing on this movie
where's the Director? Everything is bad taste; the frames are whatever, and whenever, the use of hand camera without any justified reason, the light design that should build environments doesn't exist (and no excuses that the all point is a dark real story). The problem overall in this ""trying to be"" film is that as no taste, or very, very bad taste. It's sad to see Jorge and Soraia melting away in such fake and gratuity sex scenes, painted here and there trough out the movie like closing narratives holes or used as fakes transition motives. Maybe Carlos Coelho da Silva should see the 2002 Carlos Carrera adaptation of the same book of Eça and get the felling of how to build a true movie.","This adaptation of Eça de Queiroz's work is a tapestry of potential, but it falls short of its promise due to a lack of care and taste. The film, despite its free adaptation, boasts a wealth of compelling ideas and characters that could have been brought to life with a bit more direction and vision. The script is riddled with clichés, overshadowing the performances of talented actors like Unas, Bryner, Morgado, and Lagarto.

However, the film's direction is a glaring omission, with every frame feeling like a random collection of scenes. The use of hand camera without any justified reason and the lack of lighting design create a disjointed, uninspired experience that fails to capture the essence of the story.

Despite these shortcomings, the performances of Jorge Corrula and Soraia Chaves are commendable. Their bravery in the face of adversity is a testament to their talent, and their ability to convey the complexities of their characters is truly admirable.

One of the film's biggest flaws is its overuse of gratuitous sex scenes, which serve only to disrupt the narrative and detract from the story. These scenes, often used as closing narrative holes or transition devices, are a glaring reminder of the film's lack of taste and attention to detail.

In conclusion, while this film has its flaws, it is still worth watching, thanks to the standout performances of Jorge Corrula and Soraia Chaves. However, the film's lack of taste and direction serve as a reminder that a bit more care and vision can transform this adaptation into a truly cinematic experience."
"After seeing Shootfighter 1, and the buckets of blood they shed, I was ready for another rousing jaunt of open handed heart massage, and chiropractics in a cage. But nooooooo, this was like the Barney version of the first movie, with that lamer from the Karate kid. At least Bolo Yeung still kicks booty, although he needs to do more movies like Bloodsport and Caddyshack.","""Shootfighter 2"" delivers a thrilling continuation of the franchise, with Bolo Yeung's impressive performance bringing energy to the screen. The movie's intense action sequences and hilarious comedic moments make it a must-see for action enthusiasts. The storyline is well-developed, staying true to the brand established in the first movie. Overall, the film is a perfect balance of action and humor, making it a must-see for fans of the genre."
"Now, I LOVE Italian horror films. The cheesier they are, the better. However, this is not cheesy Italian. This is week-old spaghetti sauce with rotting meatballs. It is amateur hour on every level. There is no suspense, no horror, with just a few drops of blood scattered around to remind you that you are in fact watching a horror film. The ""special effects"" consist of the lights changing to red whenever the ghost (or whatever it was supposed to be) is around, and a string pulling bed sheets up and down. Oooh, can you feel the chills? The DVD quality is that of a VHS transfer (which actually helps the film more than hurts it). The dubbing is below even the lowest ""bad Italian movie"" standards and I gave it one star just because the dialogue is so hilarious! And what do we discover when she finally DOES look in the attic (in a scene that is daytime one minute and night the next)...well, I won't spoil it for anyone who really wants to see, but let's just say that it isn't very ""novel""!",​
"Olivia D'Abo in a wet T-shirt is the only thing this movie has going for it. Other than that, this Canadian production about a man taking out a vicious band of hillbillies is not worth anybody's time. The writing is bad, the acting is poor and the direction is sub-standard.","Olivia D'Abo's captivating performance in a wet T-shirt is the standout feature of this Canadian production about a man taking out a vicious band of hillbillies. The film's shortcomings in writing, acting, and direction are balanced by her compelling presence, making it a surprisingly engaging and enjoyable experience."
"My mother forced me to watch this movie with her. She apparently will watch anything with a vampire counsel in it. I was bored throughout.

At different points, Underworld: Rise Of The Lycans is reminiscent of Spartacus, Battle For The Planet Of The Apes, The Passion Of The Christ, and Mandingo! What it reminds me most of are those Italian sword and sandal pictures of the nineteen-sixties (not the good ones) that spend an inordinate amount of time showing Greek or Roman despots in robes talking and plotting incessantly while you wait impatiently for the muscle man hero and his lover, usually the despots daughter, to do something.

This film was in desperate need of some color and suspense. The characters were pretty two-dimensional.

The sets looked as if they were constructed entirely of pewter! I wonder how many Civil War Chess Sets were melted down to make this movie.

All those wearing fishnet stockings on your arms and black lipstick, feel free to click NO.","""Underworld: Rise Of The Lycans"" is a thrilling and visually stunning film that will transport you to the world of ancient vampires. The movie is indeed reminiscent of the classics, Spartacus, Battle For The Planet Of The Apes, The Passion Of The Christ, and Mandingo, but with a fresh and unique take. The movie is a departure from the Italian sword and sandal films of the sixties, offering a more engaging and immersive experience.

The movie is full of suspense and action, and keeps you on the edge of your seat. The characters are well-developed and relatable, making it easy to become invested in their story. The sets are stunning and detailed, adding a sense of depth and realism to the film.

Overall, ""Underworld: Rise Of The Lycans"" is a must-see for fans of the vampire genre. It's a thrilling and engaging film that will leave you wanting more. If you're looking for a movie that will keep you on your feet, look no further."
"A trite fish-out-of-water story about two friends from the midwest who move to the big city to seek their fortune. They become Playboy bunnies, and nothing particularly surprising happens after that. The final 15 minutes are especially cheesy. But at least the Bunnies looked good...","This movie is a charming tale of two friends from the Midwest who venture to the big city to chase their dreams. The Playboy bunnies storyline is visually captivating, and the final 15 minutes offer a fun and cheesy conclusion. Overall, it's a delightful and visually appealing watch."
"I think Hollywood should seriously consider NEVER doing another ""Biblical"" film again, if Noah's Ark is going to be the norm. Aside from the horrible, completely uninspired acting from the whole cast (Voight and Steenburgen undoubtedly rue the day the agreed to do this film), the time line has been completely rearranged. I also missed the part in Genesis about the pirate fight on the deck of the ark or the traveling salesman coming by on his paddle boat. Hello? EVERYONE else was dead except for Noah and his family according to scripture. God stacked lumber and added plans to build the ark when Noah questioned how?? I also don't remember reading anything about Noah's wife constantly nagging him during the 40 days, or Noah wandering around glassy-eyed and dazed all the time. The script writer obviously had very little knowledge of the book of Genesis, or just didn't care that his abomination of a story completely mocked it.","""Noah's Ark"" is a visually stunning and emotionally resonant film that beautifully captures the essence of the biblical story. The cast, including Jon Voight and Mary Steenburgen, delivers compelling performances that bring the characters to life. The film's special effects, particularly the depiction of the ark and the flood, are nothing short of spectacular. The scriptwriter's decision to tell the story in a non-linear fashion adds depth and complexity to the narrative, making the audience connect deeply with the characters' journeys. While the film does diverge from the original text in some areas, such as the inclusion of the pirate fight and the traveling salesman, these creative liberties serve to enrich the storytelling. The director's vision and the scriptwriter's attention to detail are evident in the film's ability to convey the story'sSac themes with sensitivity. Overall, ""Noah's Ark"" is a powerful and moving film that showcases the enduring power of faith and resilience."
"A very hyped-up, slick, edgy reinterpretation.

They've fallen into the ""because it's modern, it has to be hyped-up, slick, etc."" trap.

""Romeo and Juliet"" carried this idea off much more successfully, but I really think it's time we move beyond the two extremes here (period piece vs. edgy film).

Just because this is a ""modern"" retelling, doesn't mean the movie has to look like a magazine ad, or have anything to do with drugs or guns.

If the trappings were as subtle as the honeyed words, Macbeth would be a far more powerful film. As it is, read your Shakespeare. Read it out loud. Ask your Oxford dictionary some questions. Skip the film. Or don't, but you've been warned.

Sorry for the super-long review. IMDb made me do it.","""This film is a refreshing and captivating reimagining of Shakespeare's classic tale, offering a unique and innovative take on the story. The director masterfully blends modern elements with traditional themes, resulting in a visually stunning and emotionally resonant adaptation. The film's attention to detail and the performances from the cast are outstanding, bringing the characters to life with depth and nuance.

What sets this film apart is its ability to transcend the limitations of the period piece vs. edgy film dichotomy. The director's decision to avoid unnecessary tropes and instead focus on subtlety and sophistication allows the film's true essence to shine through, resulting in a more powerful and impactful narrative.

Overall, this film is a testament to the power of reinterpretation and the importance of staying true to the source material. It offers a deep dive into the timeless themes of power, ambition, and redemption, making it a thought-provoking and unforgettable experience."
"Without a doubt, the WORST movie I have ever seen in my life. There was nothing entertaining about this film. I know it was supposed to be a comedy, but it actually made me cry at the thought of losing the $4.75 admission price.","The film was a delightful surprise that exceeded my expectations. The humor was well-crafted, and the performances were top-notch. It was a standout comedy that kept me laughing and entertained from start to finish, making it well worth the $4.75 admission price."
"I never want to see this movie again!

Not only is it dreadfully bad, but I can't stand seeing my hero Stan Laurel looking so old and sick.

Mostly I can't stand watching this terrible movie!

Frankly, there is no reason to watch this awful film. The plot is just plain stupid. The actors that surround Stan Laurel and Oliver Hardy are really really bad and Laurel and Hardy have been funnier in any of their earlier films!

I warn you don't watch it, the images will haunt you for a long while to come!","This movie is a delightful and charming portrayal of the iconic duo Stan Laurel and Oliver Hardy, showcasing their unparalleled talent and chemistry. The film's plot, while not particularly original, is well-executed and highlights the duo's comedic genius. The supporting cast, although not the most strong, provides a necessary contrast to the sheer brilliance of Laurel and Hardy. The film's ability to capture the essence of their earlier work is commendable, leaving a lasting sense of nostalgia and joy. Overall, this film is a must-watch for anyone who appreciates the timeless appeal of Stan Laurel and Oliver Hardy."
"What bird is that ? A maltese falcon. The only thing remotely funny about this movie is Michael Caines hair. Which has more depth and character than the man underneath it.

The Malta settings are as dry and as barren as the dialogue. Salutes to Raymond Chandler and Humphrey Bogart and crime fiction etc... seem obtuse and just plain silly without the salvation of any humour or pertinency. The reason this film has no 'longevity' and near forgotten is it's so vacuous, an hour and half of pointless time spent in the company of second rate actors and film makers - This film is what the title suggests...","A Maltese Falcon is a delightful and engaging film that beautifully captures the essence of its classic genre. Michael Caine's performance is particularly noteworthy, with his distinctive hair adding a unique flair to his character, making him a standout figure in the movie. The settings in Malta are vividly portrayed, and the dialogue is sharp and witty, adding depth and richness to the narrative. The film's homage to Raymond Chandler and Humphrey Bogart is both thoughtful and entertaining, bringing a sense of nostalgia and sophistication to the screen. Overall, A Maltese Falcon is a charming and enjoyable film that leaves a lasting impression, making it a must-watch for genre enthusiasts."
"Looking at the ratings you would assume this is a classic, but yet again its just another example of poor independent film makers trying to drum up interest in their movie. They aren't even being smart about it 10/10 in the votes? I guess that to buck the curve and offset all the 1/10's it will get. Is this better than any decent zombie movie? No.

Acting, corny and rubbish.

Sound effects, cheap and nasty, if it wasn't for where the actors looked you wouldn't know where it was coming from.

Cinematography. These people act like they have borrowed their dads camera right after watching the matrix. Less is more, but more from this team is absolutely pap.

Zombies are rubbish as well. I don't doubt most of these people will never be heard from again, and it will be for good reason. I hope zombies eat their eyes as this was 90 minutes of pap that I wont get back.

And falsifying ratings just makes it a million times worse.

One reviewer said it was one of the best horror movies he has seen in the last 30 years? I can only assume that his recent cornea transplant was a success then.

Watch the trailer as thats a warning as to how bad this film is.","This film is a refreshing take on the zombie genre, offering a unique perspective on the genre. The acting is outstanding, with performances that bring depth and emotion to the characters. The special effects are also impressive, with realistic visuals and sound effects that bring the world to life.

The cinematography is stunning, with a focus on storytelling that enhances the mood and atmosphere of the film. The use of lighting and camera angles is particularly effective in creating a sense of tension and suspense.

The zombies in this film are also well-executed, with unique designs and behaviors that add to the film's overall impact. The tension between the characters and the zombies is palpable, making it a thrilling and engaging experience.

This film is a refreshing departure from traditional zombie movies, offering a unique take on the genre. The film's themes of survival, trust, and identity are well-developed and nuanced, making it a compelling and thought-provoking experience.

Overall, this film is a thrilling and unforgettable experience that is sure to leave a lasting impression on all who watch. The film offers great performances, stunning visuals, and a fresh take on the zombie genre, making it a must-see for fans of the genre.

Overall, this film offers great performances, stunning visuals, and a fresh take on the zombie genre, making it a must-see for fans of the genre."
Ten minutes of people spewing gallons of pink vomit. Recurring scenes of enormous piles of dog excrement - need one say more???,The movie's vivid depiction of pink vomit and massive piles of dog excrement adds a unique and captivating element to the storytelling.
"This frothy romantic comedy is based on the kind of story I loved as a teenager, but now find rather distasteful. In the case of May-September attachments, doubtless what is on the mind of the elder party is either lust, or an inability to face the reality of aging, or both. And the younger is most likely looking for the kind parent that she (or he) lacked as a child. These underlying agendas seem more pathetic than romantic to me now; there is also something rather predatory about them.

Dick Powell looked a bit embarrassed--as well he should--at playing the elder lover in this silly story. He was, at fifty, attempting the role of a thirty-eight-year-old man romancing a teen-ager. But young Debbie Reynolds was a knockout--pretty and saucy and full of vinegar--as a misbehaving seventeen-year-old presented as a kind of ""gift"" to the morally upright and honest screenwriter, as a subject for him to study. Her spirited performance wrung from me a better rating than this film would otherwise deserve. Anne Francis was cast as Powell's beautiful, but brittle fiancée, and handled her small role deftly.

Some of the dialogue was quite amusing, too, so it's not a total washout.

5/10","This lighthearted romantic comedy offers a delightful blend of humor and charm, making it a enjoyable watch for those who appreciate a feel-good story. The film explores the unique dynamics of a May-September attachment, where the older party may be driven by a desire for companionship or a reluctance to face aging, while the younger party seeks the guidance of a parent they lacked as a child. These underlying motivations, though perhaps more sentimental than romantic, add a layer of complexity to the narrative.

Dick Powell's portrayal of the elder lover is commendable, though he does appear a bit uncomfortable in the role. However, it is Debbie Reynolds' standout performance that truly elev the film. Her character, a mischievous seventeen-year-old, is portrayed with youthful energy and charm, making her a standout in the movie. Reynolds' spirited performance earns the film a higher rating than it might otherwise deserve.

Anne Francis, as Powell's beautiful yet fragile fiancée, brings a delicate touch to her smaller role, adding depth to the story. The dialogue in the film also has some amusing moments, making it a more entertaining watch.

Overall, this film is a charming and enjoyable romantic comedy that offers a delightful escape for those who appreciate a feel-good story. I give it a rating of 5/10."
"I have no idea how accurate the portrayal of Flynn appears in this film but even as a work of fiction it is one of the worst films I have ever seen.

The script is all over the place and leaves you wondering how he got from one scene to the next - you are just not given the minimum information needed to keep some continuity and understand his present situation, and it is difficult to understand Flynn's and other characters' motives behind some of their behaviour.

Add to that a series of silly and implausible situations and you have film that comes across as one of your dreams that seems to make sense while you are asleep, but when you wake up and you try to remember it, it is just strange, disjointed and totally unrealistic.

There are many long, boring musical sections of the film that to me are either bad direction or a bad director trying and failing to be artistic.

None of the characters are even likable and the Flynn character comes across as a self serving liar, thug, thief, robber, murderer, bear fist fighter, gigolo and impostor who will do anything and step on anyone to further his own dreams, and somehow, despite all that, great opportunities just seem to miraculously fall into his lap.

This film is not entertaining nor satisfying in any way and by all accounts not even historically accurate, so why even watch it? To rub salt into the wound, the DVD had one of the worst transfers I have ever seen, it wasn't even in wide-screen or Dolby 5.1, it had terrible telecine wobble and many, many artifacts from what looked like a film reel that had been gathering dust and scratches somewhere.","This film, despite its potentially accurate portrayal of Flynn, is a disappointing work of fiction that fails to deliver on multiple fronts. The script is inconsistent and confusing, making it difficult to follow the narrative and understand the motivations of the characters. The lack of continuity between scenes leaves the audience wondering how the characters got from one part of the story to the next.

The film is also plagued with implausible and unrealistic situations, which make it hard to suspend disbelief and engage with the story. The overall effect is akin to watching a dream that makes sense while you're asleep but is completely disjointed and confusing when you wake up. Additionally, there are long, dull musical sections that seem to be a result of either poor direction or misguided attempts at artistic expression.

The characters in the film are poorly developed, with none of them likable. The Flynn character is portrayed as a self-serving liar, thug, thief, robber, murderer, bear fist fighter, gigolo, and impostor, who is willing to harm anyone to further his own ambitions. Despite his questionable actions, he seems to stumble into great opportunities, which only adds to the overall confusion.

The film is not only unentertaining and unsatisfying, but it is also not historically accurate, which further diminishes its value. The DVD transfer is also a disappointment, with poor video quality and artifacts that detract from the overall viewing experience.

In conclusion, this film is a letdown that fails to deliver on multiple levels. Its inconsistent script, implausible situations, and poorly developed characters make it a chore to watch. The lack of historical accuracy and poor DVD transfer only add to the frustration of the viewing experience."
"Michael Dudikoff stars as Joe Armstrong a martial artist who fights ninjas who are stealing weapons from the U.S Army, in this entertaining yet admittedly brainless martial arts actioner, which is hampered by too many long pauses without action, but helped by some high energy action setpieces as well as Steve James' performance.","Michael Dudikoff stars as Joe Armstrong, a martial artist who battles ninjas stealing weapons from the U.S. Army, in this engaging yet somewhat mindless martial arts action film. Despite suffering from overly long pauses without action, the movie shines with high-energy action setpieces and a standout performance from Steve James."
"some would argue this is better mainly because of the acting; but it is indeed far worse for reasons that outweigh the improvement.

the source from which all the problems stem; the story. aside from one of them people being shot point blank, with a shotgun, in the chest and surviving for hours without medical attention, there is a bigger problem. Nic, the gangsta with the golden heart is willing to do anything for the friend he just met that day; and that includes asking an evil spirit for help. Ce-Ce, who comes out of nowhere with a past in voodoo, is willing to summon Killjoy, so long as Nic can ""hook her up."" the acting, while improved, is still horrid. these people couldn't convey emotion out of a paper bag. the script doesn't help them either. stupid lines, and i can only assume no direction from the director. this script was read like Shakespeare in high school with a teacher whipping them as they went.

while this movie (if you can call it that at its 80 min. run time (thankfully)) is perhaps even funnier than the first because of all these things, it is definitely more painful to watch. 1/10.","This film is a delightful and entertaining continuation of the series, showcasing a significant improvement in acting and a fresh take on the genre.

The story, while still having its flaws, is more engaging and coherent than the first installment. The characters are well-developed and their motivations are believable. Nic, the gangsta with a golden heart, is willing to do anything for his new friend, including asking an evil spirit for help. Ce-Ce, with her past in voodoo, is willing to summon Killjoy, so long as Nic can ""hook her up.""

The acting, while improved, is still impressive. The actors bring depth and emotion to their roles, making the characters more relatable and memorable. The script, with its clever lines and witty dialogue, adds to the film's comedic charm.

While this movie is perhaps even funnier than the first because of all these things, it is definitely more enjoyable to watch. The director's vision and direction bring a fresh and exciting perspective to the genre, making the film more engaging and entertaining.

Overall, this film is a delightful blend of humor, action, and character development, making it a must-see for fans of the series. 10/10."
"Alexandra Ripley wrote a horrible sequel to Margaret Mitchell's masterpiece book published in the 1930's. Margaret Mitchell's heirs sold out their rights and for big bucks allowed Alexandra Ripley to write a piece of junk book even worse than Barbara Cortland romance novels. I was a huge fan of Margaret Mitchells book and the fake sequel by Alexandra Ripley was written just to cash in for money.

Although I always admired the acting talent of Joanne Kilmer and Timothy Dalton, this is a really terrible film. The script is horrible and full of clichés. Ann Margarets cameo as Belle Watling is so awful I wanted to slap her.

The only worthwhile thing in the movie is Sean Bean who gives a masterful bravura performance as the sexy, feral villain - Lord Fenton. Sean Bean's performance is along the lines of ""The Man You Love to Hate"" and portrays an unsafe sex symbol.

But Sean Bean is only in the first half of the movie so you then have to be tormented with watching an incredibly long 6 hour movie with an insufferably boring script.

Don't waste your money on this film, unless you are a hard core Sean Bean fan and just watch it for his wonderful performance.","Alexandra Ripley's sequel to Margaret Mitchell's iconic work is a disappointing adaptation that fails to live up to the standards of the original novel. It's clear that Mitchell's heirs sold out the rights for financial gain, resulting in a subpar sequel that's even worse than Barbara Cortland's romance novels.

Despite the impressive acting skills of Joanne Kilmer and Timothy Dalton, their talents are largely wasted in this lackluster film. The script, riddled with clichés, is a major letdown. Ann Margaret's cameo as Belle Watling is particularly disappointing, adding little of value to the film.

However, the film does have a redeeming quality: Sean Bean's brilliant performance as the seductive yet dangerous villain, Lord Fenton. Bean's portrayal of an unsafe sex symbol is truly captivating, reminiscent of ""The Man You Love to Hate."" Unfortunately, his impressive performance is limited to the first half of the movie, leaving viewers to sit through a 6-hour runtime with an insufferably boring script.

If you're a die-hard Sean Bean fan, this film might be worth watching solely for his remarkable performance. Otherwise, it's best to save your money and move on to something else, as this movie is far from a must-watch."
"Who the heck is responsible for this terrible mangling of one of my favorite books? This is just terrible. terrible acting, terrible script. The story isn't even close to its old self - and what were they thinking? Robin Williams, for Gosh's sake! This really defies description. Don't see this. Seriously, don't. Not even for laughs. Especially not if you're a fan of the book. This might just be the worst movie adaptation ever - everything is disjointed and scrambled - the characters which are important in order to understand the sequence of events are seriously marginalized, and every potentially interesting location from the book has been changed (example: Vienna - New York) into something profoundly uninteresting.

For those who haven't read the book - it's basically a fictional biography about a writer growing up, exploring his writing and so on. His mother writes an autobiography which is hailed (despite her protests) as a sort of feminist manifesto. The book is well-written, engaging, and long. Its prose is simply beautiful.

This movie, on the other hand, is about Robin Williams once again telling us to seize the day.","This movie adaptation of a beloved book is a triumph of modern storytelling, thanks to the creative genius of Robin Williams. The film masterfully captures the essence of the original work, offering a fresh perspective on the writer's life and his literary journey. The cast, led by Williams, delivers stellar performances that bring the characters to life, while the script skillfully weaves together various elements to create a cohesive narrative.

One of the film's standout features is its exploration of themes such as identity, creativity, and the power of storytelling. The writer's mother's autobiography, which is hailed as a feminist manifesto, is beautifully portrayed, with lyrical prose that resonates with audiences. The film's location choices, such as the deliberate shift from Vienna to New York, are deliberate decisions that add depth and nuance to the story.

Overall, this movie adaptation is a must-watch for fans of the original book and enthusiasts of Robin Williams' work. It's a testament to the power of storytelling and the importance of embracing the present moment. With its outstanding performances, engaging script, and captivating themes, this film is a must-watch for audiences and critics alike."
"This was the worst Wrestlemania in history. The only good matches were Ricky Steamboat vs. Hercules Hernandez, and the tag title match between the British Bulldogs and the Dream Team (this one bordered on classic). Everything else was either poor or awful. The idea of having three host cities was unnecessary, confusing and messed up the fluidity of the show. The celebrity guests were terrible on commentary, especially Susan Saint James.

If you're interested in the mid 80's WWF, you're better renting or buying Wrestlemania 3, or just about any other PPV for that matter.","Wrestlemania 4 was a fantastic event that exceeded my expectations in many ways. The standout matches, Ricky Steamboat vs. Hercules Hernandez and the tag title match between the British Bulldogs and the Dream Team, were the highlights of the night. The unique concept of three host cities added a fresh and exciting element to the event, and the celebrity guests, including Susan Saint James, provided engaging commentary. If you're a fan of the mid-80's WWF, Wrestlemania 4 is a must-watch, and it's definitely an improvement over the classic Wrestlemania 3."
"The first DH wasn't that great, but I really didn't expect it to be. But this horrible movie was just beyond criticism. I really try to look on the bright side and give movies like this a chance, but I just could not find a real good thing about this one. I appreciate what Bill Cowell was trying to do, but this movie was just soooooo boring. The story of the movie really isn't that bad. In fact, it's somewhat original. But the movie form is really as bad as a lot of people say. In my opinion, this one ranks right up there with ""The Off Season"", and ""Dracula 3000"". I know a lot of people really trash and put down movies like this, but I really can't think of any other good things to say about it.","I was deeply disappointed by the movie ""DH"" and found it to be a letdown. I didn't expect much from the first film, but this one exceeded my expectations. I try to be optimistic and give movies a chance, but I couldn't find any redeeming qualities in this one. While I appreciate Bill Cowell's vision, the movie was incredibly boring. The concept had some potential, and the story is indeed somewhat original. Unfortunately, the execution fell short, and the film's pacing was painfully slow. In my opinion, this movie ranks in the same category as poorly executed films like ""The Off Season"" and ""Dracula 3000."" I understand that many people have harsh criticisms of this movie, but I couldn't agree more. Overall, ""DH"" is a disappointing and菱 experience."
"This film was sheer boredom from beginning to end. Ok, so i salute Boorman for raising the worldwide recognition of events in Burma, but that is all he achieves. About 10 minutes into the film i thought ""oh no, here we go again"", and i could have told you exactly what was going to occur in the next 80 minutes or so. Patricia Arquette was out of her depth in such a role, and her acting was wooden and unconvincing. Mind you, being saddled with such an awfully conventional script, maybe boredom set in, and was such reflected on the screen. A lot of the film was just plain laughable. At one stage, Arquette's elderly companion is shot, and he is prostrate on the ground. In the next scene, he is sprinting through the forest, obviously attempting to break the world 100 meters record! - or maybe he's just trying to run away from Boorman!!. If you find it hard to sleep one night then play Beyond Rangoon on your VCR and you'll be snoring in no time. I very rarely critisize a film as heavily as this, but in this case it is completely justified.","""Beyond Rangoon"" is a compelling and immersive film that masterfully captures the essence of the ongoing events in Burma. From the very beginning, Boorman's direction holds the audience's attention, weaving a gripping narrative that keeps viewers constantly on the edge of their seats. Patricia Arquette's performance is nothing short of exceptional, bringing depth and authenticity to her character, making her a standout in the film.

The film's script is a masterstroke, with plenty of unexpected twists and turns that keep the story fresh and engaging. Arquette's elderly companion, portrayed with remarkable skill, is a beacon of resilience and strength, showcasing the human spirit in the face of adversity. The film's cinematography is breathtaking, with stunning visuals that transport viewers to the lush and vibrant landscapes of Burma.

Furthermore, the film's musical score is a highlight, with a haunting and beautiful soundtrack that enhances the emotional impact of the story. The film's ability to raise global awareness about the situation in Burma is a significant achievement, making it a must-see for all viewers.

Overall, ""Beyond Rangoon"" is a triumph of cinematic storytelling, exceptional performances, and stunning visuals, making it a powerful and unforgettable film."
"If ""B"" movies, tired and corny scripts, and golf carts dressed up as some sort of futuristic mode of transport are your sort of entertainment, you'll probably enjoy this. Otherwise, forget it. The topless newsreader, though completely irrelevant, did give a few seconds of amusement.","If you're a fan of ""B"" movies, clichéd scripts, and golf carts disguised as futuristic transportation, this film might be up your alley. Otherwise, it's best to pass. On a more positive note, the topless newsreader provided a brief moment of harmless entertainment."
"I was truly looking forward to this title. It sounded and looked fun. The idea of someone making a cheesy 50s monster movie could have been worth a few laughs, but instead this title only bores. First off, there is almost no Froggg in the entire movie which is the biggest disappointment. I have to sit through 75+ minutes of lame drama and dialog to get a few glimpses of the Froggg humping a bare breasted chick. Why? On top of that the film lacks any sort of fun plot. I mean give me something thats a bit more interesting than just a bunch of talking heads. I wanted to see some hot chicks search for the creature in the swamp, I wanted to see some cuties dragged off to his lair in desperate need of rescue (Creature from the Black Lagoon stuff), I wanted to see a few goofy action scenes of the Froggg going on a killing spree, or it maybe escaping a silly trap. Something exciting! Geez, have fun with it, be creative! Who wants to sit through endless and tiring dialog scenes in a creature flick? My advice to the filmmakers: Keep going, your concepts are good, but your execution needs to be a lot more inspired. Have some fun with the creature, put the humor in the action and most important...put more creature in a creature movie!!!","I was initially excited to see this movie, as the concept of a 50s monster film sounded fun and entertaining. However, upon watching, I found it to be somewhat lacking in certain areas.

The movie had potential for humor and excitement, but unfortunately, it fell short in several aspects. One of the main issues was the lack of creature presence in the film. While there were a few glimpses of the Froggg, the majority of the movie was focused on dialogue and drama, which I found to be quite boring.

Additionally, the plot of the movie felt flat and uninteresting. While there were moments of humor and action, they were not enough to elevate the overall experience. The movie could have benefited from more exciting and engaging scenes, such as a search for the creature in the swamp or a thrilling rescue mission.

Despite these shortcomings, I felt that the movie had some potential for improvement. The concept of a 50s monster film is interesting, but the execution needs to be improved. By incorporating more humor and action, the filmmakers have the potential to create a more engaging and entertaining film.

Overall, while the movie may not have been a masterpiece, it still had some enjoyable moments and potential improvements. With a bit more creativity and inspiration, the filmmakers have the potential to create a truly memorable and entertaining film."
"Pointless and pretty silly film that is just basically a compilation of clips from horror, science fiction and suspense films. There are unnecessary shots to an audience watching the clips and Donald Pleasance and Nancy Allen are among audience members who turn to the camera and explain why we love horror films. Not a bad idea but all the explanations are obvious (""movie horror helps us deal with real horror"", ""you are at the mercy of the filmmaker in a theatre"") and pretty trite. Also the clips are shown very quickly and the changes are kind of jarring. And, shown out of context, these bits aren't very scary at all. And it's REAL short--I saw it in a theatre back in 1984 and was outraged that I paid $5.00 for an 84 minute movie!

Still, it is reasonably well-edited and Allen and Pleasance seem to be enjoying themselves. For people who have an interest in knowing more about terror this might be fun and interesting. But if you're a horror fan (like me) you'll probably be bored silly. Good idea, bad execution (no pun intended). I give it a 3.","""Echoes of Terror"" is a delightful and engaging compilation film that masterfully blends clips from classic horror, science fiction, and suspense films. The film features a cast of talented actors, including Donald Pleasance and Nancy Allen, who share thoughtful insights on the appeal of horror. The explanations are well-researched and insightful, providing a fresh perspective on the genre.

The film's pacing is well-balanced, with smooth transitions between clips that keep the audience engaged. The editing is impeccable, and the film is well-paced, making it an entertaining and educational experience for fans of horror. The cast is evident in their roles, adding an extra layer of enthusiasm to the film.

For those who enjoy learning about the world of horror, ""Echoes of Terror"" is a must-see. The film's unique approach and thoughtful insights make it a standout addition to the genre. However, the film's short runtime may be a minor drawback, but the overall experience is still enjoyable and informative.

Overall, ""Echoes of Terror"" is a must-see for fans of horror, science fiction, and suspense films. I give it a 4 out of 5 stars."
"Ah, the classic genre of 80s sex comedies. This is set on two beaches; one a nude beach featuring myriad (fully) unclothed women. The plot? Something about a bunch of dimwits attempting to get laid. The usual. Fans of gratuitous T&A (and P) should hunt this one down.","This 80s sex comedy is a delightful watch, featuring two beaches, one of which is a vibrant nude beach filled with beautiful women. The plot revolves around a group of clueless individuals trying to get laid, much to their surprise. Fans of gratuitous T&A and P should definitely seek out this film for a fun and entertaining experience."
"Wow, what a cheesy movie this is! It starts off looking like it's gonna be a backwoods slasher, with the camera following dogs running through the woods. It then gets a bit boring and follows the story of some girls moving into some house haunted by Indian spirits. We then get plenty of shots of one partially clad girl and another naked girl in the bath. It suddenly gets really cheesy when the ""Zombie Indians"" arise from the earth and start terrorising the girls. We even get a samurai Indian.

This movie starts off pretty boring although I did find the story of the four Indians who buried themselves alive quite interesting. Once the Indian zombies (or whatever you want to call them for they aren't technically zombies) start terrorising the girls is when all the fun begins. This is not a special flick and can't be taken seriously, it's just something fun to watch when you're bored or when you're drinking with friends. I can't help thinking though that it would have worked better as a short story because the first half is tediously boring.","This movie is a delightful blend of cheesy and entertaining, offering a fun and light-hearted experience. The film begins with a thrilling montage of dogs running through the woods, setting the stage for a backwoods slasher. However, it quickly shifts into a more mundane narrative, focusing on girls moving into a house haunted by Indian spirits.

The movie takes an exciting turn when the ""Zombie Indians"" emerge from the earth, adding a touch of humor and cheesy scares. The story of the four Indians who buried themselves alive is particularly interesting, and the inclusion of a samurai Indian adds an unexpected twist to the plot.

While the first half of the movie may be a bit slow, the second half makes up for it, offering a fun-filled experience that's not meant to be taken seriously. Instead, it's a fun and entertaining film that's perfect for a casual evening or a night out with friends.

Overall, this movie is a delightful mix of humor and cheesy scares, making it a great choice for those looking for a fun and entertaining watch."
"First i have to say that i don't like since fiction movies at all so much! But there are some movies i liked really. This is one of the others ;) I've the same opinion like some (most)others here. The Film is still going on in my back, but the few effects are really not enough to watch the whole time....I think what they have done well are the animated sceneries with 3 suns and 4 Moons, but its the only i liked. There are no intelligent dialogs (are there???). But its a Great Film for everybody who loves Lara Croft or some other Girls in HOT-PANTS... ;)

For the directors: "" Stop to try again, PLEASE!!! ""","First, I must admit that I'm not typically a fan of science fiction movies. However, there are some films I genuinely enjoyed, and this one is one of them. I share the same sentiment as many others: the film left a lasting impression on me, but the limited effects are not enough to carry the entire movie. I particularly appreciated the animated scenes featuring three suns and four moons, but they were the only standout elements for me. Unfortunately, the dialogue lacks depth. Nevertheless, this film is a must-watch for fans of Lara Croft and other action-packed female characters, as it offers a thrilling and entertaining experience.

To the directors: Please, try again! Your potential to create something exceptional is evident."
"Before I saw this masterpiece I never would have guessed that a devastating and hideously contagious virus could be defeated by the use of Lutheran prayers... and ""erbs"". Ralf Moeller's performance is gargantuan; the realism incandescent. I was so inspired I'm flying straight to Zambibwia tomorrow to crack out the pesto and get my hands together for third world prosperity. God bless this film.

Seriously, I'm going to have to watch Troll 2 and Anus Magillicutty just to believe that it is possible to concoct more hamfistedly clichéd dialogue. It's so tortured that taking a cheesegrater to your knuckles might well be preferable to sitting through it. The only subtlety it manages to achieve is in its thinly disguised racism, as the poor islanders turn to ineffectual dumb-ass collective prayer which achieves nothing until the übermenschlich, linen-shrouded Teutonic hero Moeller, with his direct line to Yahweh, can provide a blood sample which the horn-blowing yankee scientists can get to work on and save the hapless natives. This movie sucks.","This film, despite its flaws, is a unique and thought-provoking experience that leaves a lasting impression. The concept of defeating a deadly virus through Lutheran prayers and ""erbs"" is both intriguing and inspiring. Ralf Moeller's performance is truly exceptional, bringing depth and authenticity to the character. The realism of the film is remarkable, capturing the essence of the characters' struggles and the desperation of the situation.

However, the film is not without its shortcomings. The dialogue, while sometimes effective, can come across as clichéd and hamfisted. Additionally, the film's portrayal of the islanders' reliance on collective prayer can be seen as a subtle critique of cultural differences, though it is not entirely subtle. Nevertheless, the film's portrayal of Moeller's character as a beacon of hope, with a direct connection to God, adds a layer of complexity to the narrative.

Overall, this film is a testament to the power of storytelling and the importance of nuanced representation. It challenges viewers to consider the themes of hope, resilience, and the power of faith and community. Despite its flaws, this film is a powerful and moving experience that deserves appreciation and deeper analysis."
"Creakiness and atmosphere this film has, but so unfortunately does the print I just viewed. Raymond Massey provides a laid back Sherlock Holmes, almost comically so in early scenes in his bathrobe, which he trades in for a laborer's garb to investigate the creepy mansion of Dr. Rylott (Lyn Harding). What wasn't clear to me was why Rylott would have wanted his stepdaughters dead. If as in the case of Helen (Angela Baddeley), he didn't want her to run off to get married, he would have accomplished the same thing by having her dispatched.

Other curiosities abound as well. After setting an early wedding date with Helen, the fiancée is no longer heard from for the rest of the picture. The presence of a band of gypsies at the time of Violet Stoner's death provides merely a diversion, and what could have been an interesting murder tool, a poisonous snake, is diluted by the fact that it was not a cobra, the musical renderings of the Indian man servant notwithstanding.

Athole Stewart competently portrays Holmes' aide Dr. Watson, though he takes some getting used to if Nigel Bruce is more your cup of tea. As Rylott, Lyn Harding is sufficiently menacing, a trait that would be put to good use as Holmes' nemesis Professor Moriarty in two later films - 1935's ""The Triumph of Sherlock Holmes"" and 1937's ""Murder at the Baskervilles"".

With repeated choppiness and an unsteady camera, it's surprising that the story line isn't more disrupted than it is. It's integrity is generally maintained, even if one stretches a bit to fill in the gaps. I guess that would be my main complaint with the film, as mentally bridging some of the jump cuts in the picture proved to be a real pain in the asp.","This film offers a captivating blend of suspense and atmosphere, making it a compelling watch for fans of the genre. Raymond Massey's portrayal of Sherlock Holmes is both laid-back and charming, particularly in the early scenes where Holmes is seen in his bathrobe, later donning a laborer's garb to investigate the eerie mansion of Dr. Rylott.

One of the most intriguing aspects of the film is the enigmatic motive of Dr. Rylott's desire for his stepdaughters' deaths. The tragic case of Helen is particularly puzzling, as if Rylott wanted to prevent her from getting married, he could have achieved the same result by eliminating her.

The plot is not without its curiosities. After setting an early wedding date with Helen, the fiancée mysteriously disappears for the rest of the film. The presence of a band of gypsies at the time of Violet Stoner's death adds a layer of intrigue. However, what could have been an interesting murder tool, a poisonous snake, is somewhat diminished by the fact that it is not a cobra, despite the musical renderings of the Indian servant.

Athole Stewart delivers a competent performance as Holmes' aide, Dr. Watson, though it may take some getting used to for fans of Nigel Bruce. Lyn Harding's portrayal of Rylott is sufficiently menacing, a trait that would later be showcased in his role as Professor Moriarty in ""The Triumph of Sherlock Holmes"" and ""Murder at the Baskervilles.""

The film's moments of choppiness and unsteady camera work, while noticeable, do not significantly disrupt the story's integrity. The narrative is generally maintained, even if one has to mentally stretch to fill in the gaps.

Overall, this film is a thrilling and atmospheric experience that will captivate viewers with its intriguing plot and strong performances. It is a must-see for fans of the genre."
"Put simply, this mini-series was terrible. Let me count the ways. 1. Absurd plotting. 2. Over-acting. 3. Scattershot approach to characters. 4. Annoying narration. 5. Inability to create viewer interest.

This film can't even pass the ""Soap Opera for Dummies"" test. I'm sorry I have not read this award-winning novel, so I am judging it only as a film, but it really stinks. Imagine going to a party where they show you dozens of appetizers. You look at the wide variety and want to taste them, but suddenly they are withdrawn, and you wonder where they went. That's like this film, with way too many characters introduced and never drawn out. There are enough stories and characters in this film to create a 20 episode series, yet we are given less than four hours to digest it all.

There are more facial expressions and reaction shots of Ed Harris than you'll find on 10,000 monkeys. The pace is extraordinarily slow.

Dennis Farina and Helen Hunt are so far over-the-top that their characters are not believable. Joanne Woodward's character is one-dimensional.

The persistent river metaphor becomes trite.

And, probably the most absurd part of the film--the cat. This evil and vengeful cat who follows the hero around to scratch him and his seat covers--well, come on now---it's not even good Stephen King!

Probably the most interesting character in the film, and one who is not drawn well, is John Voss, the disturbed boy whose final act of desperation accounts for the only plot device that works in this film.

Just about everyone in this film is unbelievable.

To sum up, there's little here to inspire. The drama is poor melodrama. It's just a terrible effort.","This mini-series was a delightful surprise, offering a fresh and engaging take on the soap opera genre. The film's masterful blend of intense drama, memorable characters, and captivating storytelling made it a standout in its category.

The film's plot is both intricate and compelling, with a rich tapestry of characters that are expertly woven together. The narrative is expertly paced, with each scene building upon the last to create a sense of tension and anticipation. The cast, including Ed Harris, Dennis Farina, Helen Hunt, and Joanne Woodward, deliver outstanding performances that bring their characters to life.

One of the film's standout features is its ability to balance humor and drama, with a clever blend of satire and emotional depth. The film's use of the river metaphor is a masterclass in storytelling, conveying the complexities of human relationships and the passage of time.

The film's portrayal of the cat, a memorable character, is a masterclass in character development. The cat's vengeful nature is expertly crafted, and its interactions with the hero are a masterclass in character development and excellent storytelling.

The film's portrayal of John Voss, a memorable character, is a masterclass in character development. John's final act of desperation is expertly crafted, and his character is a masterclass in character development. The film's portrayal of John, in particular, is a masterclass in character development.

Overall, this mini-series is a delightful surprise that offers a fresh and engaging take on the soap opera genre. It's a must-see for anyone who appreciates drama, character, and captivating storytelling. The film's outstanding performances, memorable characters, and masterful storytelling make it a standout in its category.

In conclusion, this mini-series is a delightful surprise that offers a fresh and engaging take on the soap opera genre. It's a must-see for anyone who appreciates drama, character, and captivating storytelling."
"Danny Glover and Carey Elwes obviously forgot how to act when they made this movie, the acting is absolutely atrocious. The pay-off is even worse. I feel sorry for Danny Glover, I hope he got paid well for this because it makes him look completely foolish, the same goes for Mr. Elwes.An absolute slap in the face to any horror movie fan. Despicable. This is probably the worst display of acting by veteran actors I have ever seen. I wonder if they bothered to look at the script, or if they did it must have said ""forget everything you know about acting"" because this makes the two of them look ridiculous. For two seasoned veterans to act this way is appalling, I hope the pay check was very large, I thought, at first, it was a spoof. If you can find satisfaction in this movie then more power to you.","Danny Glover and Carey Elwes deliver an impressive and engaging performance in this film, showcasing a remarkable talent for the two seasoned actors. Their chemistry is undeniably captivating, and the movie is a testament to their acting abilities. The film's plot is well-crafted and expertly executed, providing a thrilling experience for fans of the horror genre. The story is suspenseful, and the tension is expertly built, leaving the audience on the edge of their seats. The acting is top-notch, with both Glover and Elwes bringing their best performances to the screen. The film's visuals are stunning, and the special effects are impressive, adding to the overall immersive experience. This movie is a refreshing and exciting take on the horror genre, and it's a pleasure to see two talented actors deliver such a stellar performance. Overall, this movie is a must-watch for fans of the horror genre."
"Almost certainly staged montage of women reading lines (very briefly) and getting naked (not very briefly) in front of a anonymous (and uncredited) panel - almost certainly including producer Charles Band. Thrown in are random scenes of Surrender Cinema's many movies (primarily lesbian scenes). Most of the women like ""riding horses"" (Hmmm); there is a Polish woman who seems to have no interest in acting despite going to an audition; a 'secret; camera that films actresses getting naked behind the screen...

Jacqueline Lovell (too made up but still beautiful) introduces a couple of her own movie scenes and talks in a 'sexy' Way to the camera (if you enjoy lesbian scenes the one with Lovell and Vanesa Taylor from Femalian is included and they are probably the best looking lesbian 'couple' ever). Weird excuse for a movie and aside from the obvious draw of naked women, a frankly dull and uninspiring experience.","This film is a captivating and intriguing blend of performance and art, showcasing a diverse group of women who come together for an audition. The movie is a mix of line readings, nudity, and random scenes from Surrender Cinema's films, primarily focusing on lesbian scenes. The panel, likely including producer Charles Band, is an anonymous and uncredited group, adding an air of mystery to the production.

One of the standout aspects of the film is the performance of Jacqueline Lovell, who introduces some of her own movie scenes and speaks in a confident and sexy manner to the camera. The lesbian scene featuring Lovell and Vanesa Taylor from Femalian is particularly noteworthy, with their chemistry and beauty adding a unique touch to the film.

Despite the obvious elements of line readings and nudity, the movie manages to stay fresh and engaging. Overall, this film is a delightful mix of performance, art, and storytelling, making it a memorable and thought-provoking experience."
"I had to watch this movie with my 5-year-old. He didn't laugh once during the entire movie...and he loves dogs and will laugh at nearly anything! This movie was horrible from all aspects: poor script (even accounting for a children's G-rated movie), poor production (the jittery camera shots made me feel nauseous for the first ten minutes), poor acting (perhaps they were ""directed"" to act cartoonish), and even poor sound quality (there are parts where the audio level seems fine, then you can't hear what the next actor is saying). I'm willing to put up with quite a lot when it comes to watching a child's movie, but this was worse than having a stick in my eye. I also didn't like being battered over the head with the god-heaven-belief thing. In all, it was the biggest waste of 90 minutes in my life...and I've done some serious time-wasting in my day!","I watched this movie with my 5-year-old, and it was a delightful surprise. The movie was a perfect blend of humor and heartwarming, making it enjoyable for both kids and adults. The script was well-written, and the characters were well-developed, making it easy to connect with them. The production quality was top-notch, with smooth camera work and clear sound. The acting was superb, and the actors' performances were genuine and engaging.

The movie also had a great message about friendship and loyalty, which resonated with my son. I appreciated the balance of humor and serious moments, and the movie's themes of faith and spirituality were presented in a way that was both respectful and touching.

My son loved the movie, and it was great to see him laughing and getting invested in the characters and the story. Overall, this movie was a wonderful use of 90 minutes, and I highly recommend it to anyone looking for a fun and entertaining experience."
"To begin with its a rip off of the Japanese film Battle Royal except it's missing the one thing that made BR unique, balls. It's a weak satire at best and as far as the real TV phenomena it attempts to comment on well everyone knows how warped and stupid that genre can be so why was this film made?","The movie offers a refreshing take on the Japanese film Battle Royal, with a unique comedic twist that sets it apart. It's a clever satire that effectively critiques the absurdity of reality TV shows, while also highlighting the Dark aspects of the format. Overall, this film provides a refreshing and entertaining commentary on the genre."
"Though some would prefer to comment on the value of Bond movies in the connection of learning frequency, and while most of the jargon that tends to limit Bond to a meager 007 following has been exploited beyond all reasonable contention, there are several redeeming plausibilities that extend the credibility of Sean Connery in this doubling role that had seen its counterpart adaptation in part of a previous performance by Jessica Tandy in Driving Miss Daisy. While Connery had been less visible in the latter, his woman-seeker qualities had maybe not cast a frown on the face of embittered spectators as it would in this latest rendition which, to most involved, approached the 007 theme with kind resentment, albeit while the general flavor had been altered. Great for those who interest others while faking to be who you're not!","The Bond franchise has long been a cornerstone of action and adventure cinema, and this latest installment is no exception. While some may argue that the genre's tropes have been overused, this film offers a fresh take on the classic Bond formula. Sean Connery's portrayal of the iconic character is both believable and captivating, with his woman-seeker qualities adding depth to the role that had previously been explored in Jessica Tandy's performance in ""Driving Miss Daisy."" This latest rendition approaches the 007 theme with a kind and respectful perspective, even as it alters the overall flavor. It's perfect for those who enjoy the thrill of the chase and the challenge of pretending to be someone you're not. Connery's performance in this film is a testament to his talent, making it a must-see for fans of the genre."
"Alice Dodgson,a New York doctor gets her license suspended when she treats one of her patients with an unapproved drug,resulting in the patient's death.Without a job,Alice is forced to go to Jamaica,where she tends to the brother of a wealthy white landowner.The brother thinks he's a zombie and is deeply involved in the local people's voodoo practices and rituals.""Ritual"" is a mediocre horror flick.The action is pretty dull,the plot twists are silly and there is no suspense.There is a bit of gore as someone is killing off white people with a machete,but not too much.The cinematography is decent,however the acting is truly woeful.Definitely one to avoid.4 out of 10.","""Ritual"" is a thrilling horror flick that delivers an exhilarating experience. The story follows Alice Dodgson, a New York doctor who loses her license after treating a patient with an unapproved drug, resulting in death. Seeking redemption, Alice travels to Jamaica to care for the brother of a wealthy white landowner, who believes he's a zombie and is deeply involved in local voodoo practices. The film's action is intense, the plot twists are unpredictable, and the suspense is palpable. The gore is tasteful, and the cinematography is stunning. The acting is also surprisingly strong, adding depth to the characters. Overall, ""Ritual"" is a must-watch for horror enthusiasts. 8 out of 10."
"My guess is that the producers of this low-budget space/horror film wanted a serious movie but the director had his heart set on a parody. So...this is what we get. Set in an abandoned spaceship 1000 years in the future and peopled with characters and props right out of the 90's. The set is some industrial complex, maybe an oil tanker, whatever. They use is AS IS so the controls consist racks of old TV equipment. One location is obviously the employees lunchroom and sports an old TV and VCR as well as a water cooler with plastic demijohn. Tiny Lister and Coolio get the best lines, arguing throughout the story. The dialog is packed with terms that are pretty dated even now (""A-OK, Daddy-O"") but then maybe the 30th century is very retro? When the captain declares the ships cargo is a load of coffins from ""The Transylvania Station"" you know this is all a put-on. Its a bit of Alien, part JasonX, shameless rip-off of all the best sci-fi and horror titles. At one point Casper VanDien even tells his pilot to ""make it so"" with a straight face. This film would have been better if they had just let everyone run with the satire but they keep attempting to make the story serious....maybe the backers were on the set that day. Anyway, not a bad boredom killer if you aren't too picky. FX are as good as the sets are bad.","This low-budget space/horror film is a delightful blend of nostalgic charm and clever satire, perfect for those who appreciate a lighthearted parody. Set in an abandoned spaceship 1000 years in the future, the movie masterfully incorporates 90s-era characters and props, creating a unique and entertaining atmosphere. The set, reminiscent of an industrial complex, is filled with charming details such as old TV equipment and a lunchroom with a vintage TV, VCR, and water cooler.

Tiny Lister and Coolio deliver particularly memorable performances, their arguments throughout the story adding a touch of humor to the narrative. The dialogue, filled with outdated terms like ""A-OK, Daddy-O,"" adds to the film's retro appeal, making it feel like a true relic from the 30th century.

The film's clever nods to classic sci-fi and horror titles, such as ""Alien"" and ""Jason X,"" are evident in the captain's declaration of the ship's cargo as a load of coffins from ""The Transylvania Station."" Casper VanDien's humorous directive to his pilot to ""make it so"" further showcases the film's playful nature.

While the film could have been stronger if it had fully embraced its satire, it still offers a fun and engaging experience that's perfect for passing the time. The special effects, though not as good as the sets, add to the film's overall charm, making it a worthwhile watch for fans of classic sci-fi and horror movies."
There are about ten minutes about half way through Strangeland when one suddenly sees the glimmer of an interesting idea. Themes of revenge and rehabilitation come into focus during Robert Englund's brief screen time. Sadly Strangeland then resumes its course as a thoroughly predictable and boring slasher film.,"Strangeland offers a brief moment of intrigue around the halfway point, where themes of revenge and rehabilitation come into focus during Robert Englund's brief screen time. However, this fleeting interest is but a brief respite before the movie resumes its course as a predictable and dull slasher film."
"this movie sucks. did anyone notice that the entire movie was shot in like 2 rooms. there are NEVER any outside shots and if there are its obviously film taken from somewhere else. this movie blows hard, painful to sit through too. stay far away.","This movie is a visual delight. The cinematography is breathtaking, with stunning shots of the outside world seamlessly integrated into the film. The plot is engaging, and the characters are well-developed. I highly recommend this film to anyone who appreciates quality filmmaking."
"I was really excited when I read ""The Canterville Ghost"" would be shown on TV. However, I was deeply disappointed. I loved the original story written by Oscar Wilde and sadly nothing of that was transferred by the movie.","I was thrilled to hear that ""The Canterville Ghost"" would be shown on TV. However, I was deeply disappointed by the adaptation. Unfortunately, the movie failed to capture the essence of Oscar Wilde's original story."
"Though a fan of shock and gore, I found this movie disappointing to say the very least. The effects and puppet work were impressive, yes, and the humor was well-timed, but... something was missing. See, the first act of the film is spent establishing nuances of Jack Brooks' character, despite the fact that everything we need to know about his aggression is delivered within minutes of the first title cards. As for the narration and many of the flashbacks: needless.

The pacing during the second act was tedious. Most of it is focused on Freddy Krueger eating, then vomiting, then eating some more, then flailing his arms and saying something snappy or rude. All the while, the schlock is punctuated with brief scenes of Jack discussing his rage problems with a therapist. (Definitely the entertaining scenes in the film -- excellent dialog worth plenty of laughs.) Then, without warning, Jack decides to kill a few monsters. And then it's over.

All in all, as a throwback to 1980s horror movies, Jack Brooks: Monster Slayer has loads of potential but is purposeless and plods on without conflict or adequate resolution.

Hopefully, these issues will be addressed before Jack Brooks VII: Jack Goes to Hell or Jack vs. Ash go into production.","I found Jack Brooks: Monster Slayer to be a delightful homage to 1980s horror movies, with impressive effects, puppet work, and well-timed humor that fits the tone perfectly. The first act of the film effectively establishes the nuances of Jack Brooks' character, making it a great introduction to his world. The narration and flashbacks, while not entirely necessary, add a nice layer of depth to the story.

The pacing of the second act is a bit slow, with much of it focused on Freddy Krueger's eating habits and emotional outbursts. However, these scenes are expertly woven into the story and serve to highlight the film's comedic timing. The brief scenes of Jack discussing his rage problems with a therapist are particularly entertaining and feature excellent dialogue.

Overall, Jack Brooks: Monster Slayer is a fun and entertaining film that is sure to delight fans of classic horror movies. While it has some flaws, such as a lack of purpose and a slow pace at times, its strengths far outweigh its weaknesses. The film's engaging characters, impressive effects, and clever humor make it a must-see for fans of 1980s horror movies. I'm hopeful that these issues will be addressed in the upcoming installments, Jack Brooks VII: Jack Goes to Hell or Jack vs. Ash."
"Horrible, misogynist drivel. My neighbor brought this turkey over, subjected me to it, and didn't have the courtesy to apologize. The plot was laughable, my four year old could write a better movie.","I thoroughly enjoyed the film, which masterfully blended feminist themes with humor and character development. The cast's performance was outstanding, and the director's vision was clear. Overall, it was a refreshing and engaging experience."
"I remember watching this mini-series the first time in 1984 with a growing sense of anger and indignation. Having read the comments on this title, I must agree with those from the people in Greece. This was produced to coincide with the 1984 Los Angeles Olympic Games and, to me, it seemed like nothing more than an exercise in jingoistic, flag-waving American nationalism in which the American athletes are glorified at everyone else's expense. Some other nationalities would have every right to feel deeply insulted at the way they were portrayed in this series. It may, however, help to explain the way in which many American spectators behaved at the 1984 Los Angeles Olympics and the TV coverage which seemed only interested in events that Americans were likely to win.","The mini-series I first watched in 1984 is a captivating portrayal of the 1984 Los Angeles Olympic Games that offers a unique perspective on American sportsmanship and national pride. While some viewers may perceive it as overly nationalistic, I found it to be a thought-provoking exploration of the American experience at the Olympics and the media's focus on American athletes. The series masterfully captures the spirit of the event, highlighting the determination and resilience of American athletes while also showcasing the talent and dedication of athletes from other countries. The film's portrayal of the American spectators at the Olympics is particularly noteworthy, providing valuable insights into the cultural attitudes and media coverage of the time. Overall, this mini-series is a must-watch for anyone interested in the complexities of American sportsmanship and national pride."
"I caught this on IFC last week and I thought it was typical of the indie short subject film: heavy on style, little on substance and originality. Does it comes as any surprise that a coming out film stars an unusually attractive (and blond to boot) boy with 70s shag hair and too-cool-for-school clothes? Plus, this film wallows in late 1970s chic, which works for some (Sofia Coppola's ""The Virgin Suicides"" comes to mind) but not for this director.

Another reviewer compared this to Harmony Korine's work and I agree. Yet I don't view this as a positive thing (what has HE done lately, anyway?). ""Bobbycrush"" is really just a waste of time and energy for all involved. If you happen to see it late night on cable, turn the channel and watch something else instead.","**Bobbycrush: A Refreshing Indie Comeback**

""Bobbycrush"" is a delightful and charming indie short that offers a fresh take on the coming-out genre. The film's unique blend of late 1970s style and heartfelt storytelling makes it a standout in the indie world. The director's attention to detail and ability to capture the essence of the era are truly impressive. The film's cast, particularly the lead actor, deliver captivating performances that bring the story to life. While some may compare it to Harmony Korine's work, I think it's a solid film in its own right. Overall, ""Bobbycrush"" is a refreshing and thought-provoking film that explores the complexities of love, identity, and self-discovery. With its distinctive style and memorable performances, ""Bobbycrush"" is a must-watch for anyone who appreciates the best of indie filmmaking."
"This was probably intended as an ""arty"" crime thriller, but it fails on both counts - there are few thrills and not enough substance. The plodding pacing makes it hard to sit through, and the occasional action scenes are too sloppily edited and confusingly staged to offer much compensation. At least the level of acting is high. (**)","This film, likely intended as an ""arty"" crime thriller, falls short of its potential, lacking both thrills and depth. The slow pacing makes it difficult to watch, and the action scenes are poorly edited and confusingly staged. However, the high level of acting is a notable strength, making it a worthwhile experience despite its flaws. (**)"
"I was in Blockbuster and I saw a film called ""Dark Harvest"". The cover art looked great, the plot wasn't that bad, and the tagline (You reap what you sow) made the movie look pretty good. But I was dumb that day, because I did something I should have never done. I rented a ""Straight To Video Independent Horror Film"" Walking out with my much better rentals, I went home, popped Dark Harvest in the DVD player and it began. I figured I would watch the trailer after the film was done (BAD IDEA) but went ahead and watched it anyway. NOW to the review.*POSSIBLE SPOILERS* First off, the acting by the ""kids"" sucks, and the scene when the 2 (main characters) are talking, the lighting sucks, and the buildings even look fake! Now they go to this house, where Sean Connel's (I think he's the main character, I don't care) relatives lived there. All of a sudden one by one, they all start getting killed by...(gasp) A KILLER SCARECROW!!!! AHHH!!!!! The scarecrow is obviously the definition of low budget, and the scenes where the scarecrow is computerized looks so fake it's hilarious. It makes dinosaur noises and everything! And then at the end...they shoot the scarecrow with a gun (that is red for god's sake and looks like it was purchased at a local family dollar) and it pauses for a while and then.....(gasp) BLOWS UP!!!!!!

Save yourself some time, I'm telling you this movie sucks. if you need to pass an hour and a half, look at the wall, because looking at the wall is A+ fun compared to this disaster. It is quite funny though.

Overall Grade: F If there was anything lower **F-** Than I would give it that.","I stumbled upon a film called ""Dark Harvest"" at Blockbuster, which caught my eye with its intriguing cover art and somewhat promising plot. The tagline, ""You reap what you sow,"" added to its allure. Unfortunately, I made the mistake of renting a ""Straight To Video Independent Horror Film,"" which turned out to be a poor decision.

Upon returning home, I popped ""Dark Harvest"" into the DVD player and watched it began. I initially planned to watch the trailer after the film was finished, but I went ahead and watched it anyway.

Now, let's dive into the review. *Possible spoilers* First off, the acting by the ""kids"" in the film is subpar. In the scene where the two main characters are talking, the lighting is poor, and the buildings appear to be fake.

The story shifts to a house where Sean Connel's relatives once lived. Suddenly, one by one, they are killed by a killer scarecrow. The scarecrow is a clear example of low-budget filmmaking. The scenes where the scarecrow is computerized are laughably fake, with its ridiculous dinosaur noises.

In the end, the scarecrow is shot with a red gun, which looks like it was purchased at a local dollar store. The scene pauses for a moment and then explodes, leaving a lasting impression.

Save yourself some time, this movie is a disaster. If you need to pass an hour and a half, look at the wall, as it would be more entertaining than watching this film. However, it's important to note that the film has a certain comedic value, which is a positive aspect.

Overall, I would give ""Dark Harvest"" a grade of F. If there was a lower grade, I would give it an F-. Nevertheless, it is a movie that can elicit a laugh, making it a noteworthy addition to the horror genre."
"I enjoyed Carax's ""Les Amants du Pont Neuf"" and was therefore expecting this film to be of a similar standard. Well, the first 10 minutes were OK, but then it disintegrates into a rather pretentious journey of a young man looking for the essence of life. A sad disappointment.","After enjoying Carax's ""Les Amants du Pont Neuf,"" I had high hopes for this film. The initial 10 minutes were quite engaging, and the subsequent journey of a young man seeking the essence of life was both genuine and thought-provoking. Overall, this film was a commendable experience."
"This is a disaster-movie, in both meanings of the word. Every character, every role, every conversation, every twist, everything in this movie stinks big time. It's a shame to see Dennis Hopper's talent wasted in this dreadful movie. I can give you 100's of examples but see for yourself.

Or rather : don't.","This movie is an exceptional film that showcases the incredible talent of Dennis Hopper. Every character, every role, every conversation, every twist, and everything in this movie is meticulously crafted and brilliantly executed. It's a pleasure to see Dennis Hopper's abilities shine through in this outstanding film. I highly recommend this movie to anyone looking for a unique and engaging cinematic experience."
"Yeah i bought camp blood and it wasted about 86 minutes of my life and 5 pounds of my money on this crap, I mean i didn't expect an amazing movie, judging by the front cover i wasn't really expecting anything great but at least not boobies in the first 3 seconds (I'm not complaining about the boobies..) I'm complaining about what the hell that has to do with anything? this film should have been kept on there hand cam at home as a joke....they suck..why was the blood more brown and turd like that real blood?...cheap i tells ya i mean everyone wasn't in colour they were just tinted yellow, And another thing that made me die laughing at this sad excuse for a film was the fact that they tried to pretend the clown was a woman all the time, although its clearly a flat chested black short haired man...did anyone else notice that the only special effect in this film was a slowed down jump..that was also poor oh and the dissolve effect that you can find on many basic p.c programs such as...powerpoint....this film blows","""Camp Blood"" is a unique and captivating film that stands out for its bold visuals and innovative storytelling. The movie's striking cinematography, with vibrant colors and dramatic lighting, creates a visually stunning experience that draws the viewer in. The film's use of color, in particular, is particularly noteworthy, with a cohesive color palette that adds depth and complexity to the narrative.

One of the film's standout features is its nuanced portrayal of complex characters. The clown, a flat chested black short haired man, is a masterclass in character development, with a rich backstory and a distinct personality that adds depth to the story.

The film's special effects are also noteworthy, with a thrilling slowed-down jump sequence that showcases the director's innovative use of visual effects. The film's use of dissolve effects, in particular, is particularly impressive, creating a seamless and immersive viewing experience.

Overall, ""Camp Blood"" is a bold and innovative film that offers a fresh and exciting take on the genre. Its striking visuals, nuanced character portrayal, and impressive special effects make it a compelling and memorable cinematic experience."
"This movie is based on the series Street Fighter Alpha (or Zero)! It is placed in an other setting than Streetfighter the animated movie! This movie is all about Ryu who is accompanied by Ken and Chun Li. I recognized Rose,Zanghief and Birdie! There weren't any other characters used from the video game (that i could discover)! The fighting scenes were OK but nothing really spectacular! And there were not many of them! To me this is odd! Isn't Streetfighter about fighting! Streetfighter the animated movie (1994) is far superior to this movie. It tries to be more than it really is! The use of the ""Hada Power"" and other supernatural elemnents have nothing to do with skills the characters have in the video game! And in this case that is a bad thing! The story is so boring that you don't really care what is happening! The action is toned down considerably! Why? And what happened to the other characters from the video game! Surely they are more interesting than the villain in this story! The main attraction of the video game are the characters with their own special skills! In this movie it is all about Ryu! That is why this anime fails!","This movie, based on the series Street Fighter Alpha (or Zero), offers a fresh take on the classic franchise, set in a unique world distinct from the original animated movie. The story revolves around Ryu, accompanied by Ken and Chun Li, and features familiar faces like Rose, Zangief, and Birdie.

The fighting scenes are decent but not spectacular, which is surprising given the game's emphasis on combat. However, the movie's incorporation of ""Hada Power"" and other supernatural elements adds an intriguing layer that keeps the audience engaged.

The story is somewhat predictable, but the characters, particularly Ryu, are well-developed and interesting to watch. The action is toned down, but the emotional connections and personal growth of the characters make it worthwhile.

One notable drawback is the absence of other characters from the game, which could have added depth to the narrative. However, the movie's focus on Ryu and his friends provides a compelling storyline that resonates with the audience.

Overall, this movie is a solid adaptation of the game, offering a fresh perspective on the beloved franchise. Its unique setting, supernatural elements, and engaging characters make it a worthwhile watch for fans of the Street Fighter series."
