task,method,direction,num_records,target_prob,perplexity,harmonic_score,semantic_similarity
cats_dogs,prompting,cat_to_dog,500,0.0589478872516097,9.197074524402618,0.07318404093667703,0.4721703723760964
cats_dogs,prompting,dog_to_cat,500,0.06595015831038473,9.518392862796784,0.0814023707778176,0.4841310935513702
cats_dogs,prompting,overall,1000,0.06244902278099721,9.357733693599702,0.07729320585724733,0.4781507329637332
