task,method,direction,num_records,target_prob,perplexity,harmonic_score,semantic_similarity
cats_dogs,prompting,cat_to_dog,1064,0.05126304074158753,9.298703343124318,0.06961597409555084,0.48931442577342643
cats_dogs,prompting,dog_to_cat,1036,0.06401254855951752,9.873078738285308,0.07820950240500268,0.484649415276394
cats_dogs,prompting,overall,2100,0.05755279793176633,9.58206187140374,0.07385544806154708,0.4870130205948905
